-8.108014140842391138e-01,-6.186624508647405873e-01,-3.192522668330662339e-01,1.110269365400871761e-01,-4.659383487387570577e-01,-7.241161725383602477e-01,-5.447146177407912182e-01,-3.982020016331122014e-01,1.629091445118640291e-01,2.532858040850963222e-01,-1.272519139632934983e-02,3.477682678311483366e-01,-3.333821128396113886e-02,-3.978339288470559842e-01,-9.835339335055077667e-03,-3.495941632690254264e-01,1.962856252811897018e-01,-5.096268879559493481e-01,7.103951687025473749e-01,-1.345087372434104200e-01,3.797928638976774685e-01,-2.749057809302332123e-01,-1.993302125467416586e-01,-3.281119618916321090e-01,3.095407013621659931e-01,3.337489946386630879e-01
-2.972111702727034399e-01,-7.450142768607103116e-01,-1.931527618352211206e-01,-9.960075335577903699e-01,5.977245881699323471e-01,4.947370818892666833e-01,-7.132030732538284790e-01,7.323543248131872963e-01,-3.863894443444248483e-01,-3.821482633414562957e-01,4.216821571665522739e-01,-1.326890153083060409e-01,1.976301574632664537e-01,1.013460064412919776e-01,-4.856570475434884848e-01,-1.163971107864985866e-01,-6.438411351779835812e-01,7.352006626756801833e-02,2.862129762094841115e-02,-5.965899877323170841e-01,6.258395888310142041e-01,-1.968747244498493532e-01,-8.918296422530232193e-02,4.202612356920653602e-01,3.690509489181582059e-01,-5.830124892343829801e-01
1.951083281910249434e-01,2.371021254325171301e-01,-2.975281788463713939e-01,-3.226899634013991602e-01,-6.216655361201220975e-01,-2.572060493926056624e-01,9.155833164051990769e-02,-1.081984707580224865e-02,2.209896362705317807e-01,4.464747283687118262e-01,-8.175592476918583928e-01,-1.039157606112492083e+00,3.641979653530994510e-01,-4.799873764818493593e-01,-4.123139120478632180e-01,5.716437528342406260e-01,-5.304916472004557633e-03,-4.066063680971367944e-01,8.138754536753967095e-02,4.628452154396978102e-01,-6.564282690251586061e-01,3.633370703455057749e-01,-4.661407252537885237e-01,-1.547676461310105722e-01,2.385419793625015716e-01,6.867318080930651103e-02
-2.152528274922542173e-01,-1.018357994031197755e+00,-7.320085757967869089e-01,-7.224671162014024983e-02,-9.147516569105430539e-01,-4.466542870067311544e-01,-4.939753595041636580e-01,2.460402948888262553e-01,-9.064583605922543752e-01,3.219007771411528385e-01,-5.164766681520432945e-01,-4.231957393374967125e-01,8.293979182333158229e-02,3.915117115335363107e-01,-2.312180178690506072e-01,-5.257865600902703607e-01,1.793441737858405827e-01,4.942648286170530092e-01,4.238988669891844974e-01,-3.207661796251188302e-01,-1.125758013680407260e-01,-5.593503051149651961e-01,2.900902134611489935e-01,5.853293615157182384e-01,-4.112849229979636534e-01,-2.494561396080523519e-01
-6.928359211646540894e-01,1.737626444393079034e-02,1.064668616738253942e-01,-5.325624514304587720e-01,5.324294470429443704e-01,-3.376390142192443600e-01,1.000125371550618543e-02,1.148273008521101674e-01,-4.422385250713733451e-01,-6.342398497895402887e-01,-1.798305428611513268e-01,-5.354723494084610014e-01,3.972343621906997968e-01,-3.730560275222816746e-01,2.753627410403427511e-01,-1.414132429275033187e-01,3.276335742488427627e-01,1.188158281329039084e-01,-1.946771222032331050e-01,-2.726562669546350737e-01,3.136289468082967269e-02,-5.028071346860339963e-01,-3.346768096789055208e-02,-4.246585338589753955e-01,4.897479574343200914e-01,2.691845343252829981e-01
2.129749364081642005e-01,6.143794130476009085e-01,-4.904234524371015591e-01,-3.926594600582943295e-01,1.053150601589994073e+00,-8.149836404155944569e-01,2.985109828534545651e-01,-1.806326519575467138e-01,3.634013585651144629e-01,2.176189451210112646e-01,-1.512408845112368505e-01,1.445316165026093169e-01,-4.650412972296667502e-01,-1.246762277641973310e-01,-5.716589316782668684e-01,-8.687237432112669966e-01,1.340428420356821193e-01,2.687981210906894014e-01,2.634637016697550238e-01,-4.121223815505347665e-01,-5.537109421683238386e-01,-7.787857940931542933e-01,2.905967505931752459e-01,3.623254812538149183e-01,-7.014552211092485168e-01,9.102806013402164886e-02
1.845276260932068590e-01,3.261294148575984986e-01,2.710685967471260227e-01,-4.747755781783983831e-01,4.394298285000805548e-01,-7.221380525598916078e-01,1.952684220643294000e-01,2.488494721073748750e-01,-6.903548234953230667e-01,-5.898268785319150664e-01,6.453462813141380705e-01,6.015519168424626750e-01,-2.468029220914690243e-03,-2.939450861851617205e-02,-6.437080362247173948e-01,-3.276252914156217444e-01,3.304708557975662986e-01,5.541174438569775734e-02,-2.600625235579736572e-01,-4.883723016706408293e-01,3.488833446639550973e-01,3.723882124356531764e-01,-3.940087142203497761e-01,-5.984281510735338649e-01,-5.084607841184038968e-01,-6.303394598129248294e-01
-3.552684798026753410e-01,-1.303288048220376527e-01,-2.374538042339842392e-02,-1.805908869313926635e-01,-1.526587632535108541e-01,-8.436194420227204338e-01,-4.225927968428712656e-01,-4.159770141742240024e-01,-1.450014002066586927e-01,-1.664163210506818535e-01,5.104292260360487887e-01,-4.157581542315197942e-01,4.155457031231293841e-01,6.091973108996157071e-01,8.159383776008853895e-01,1.951484098990775296e-01,-2.082746087974822746e-01,5.969781140784636841e-01,-5.161740858345557070e-01,-3.297794097306856465e-01,-6.150533564465582304e-01,-5.971651177364771801e-01,3.264636318856224961e-01,7.369741460026056623e-02,-3.244763249782600667e-01,-2.727682127531260714e-01
1.277489001564979521e-01,4.949369238384722647e-01,-6.040525280010988762e-01,4.454927460339942469e-01,-6.778252554122892182e-01,-2.901187539651295388e-01,-8.058948759812001317e-02,2.576762532690021201e-01,-4.975186050259255421e-01,-5.798827693748719314e-01,3.079038019616009980e-01,-3.250411353748254850e-01,3.489728567645235535e-01,2.107260892183026590e-01,-1.836535756314784940e-01,5.138040942654733545e-01,-2.079559514031690259e-01,-4.179747219163889443e-03,-3.003824041179988802e-01,-5.358686390679291423e-01,2.140988467917945559e-01,-8.745519430135303418e-01,2.229385320016919469e-01,5.386663522655835701e-01,-7.453615112246819718e-01,1.773123806720757478e-01
-1.553781293232792682e-01,-6.640079536389624781e-01,-5.401488666346461187e-01,-2.788400775088730743e-01,-1.383065862414437075e-02,3.338681925378902959e-01,-4.814982978266386070e-03,5.534741802063198879e-01,4.310526989849500779e-01,-1.297604400388596979e-01,-1.517416317223039546e-01,-5.641027539369386501e-01,2.775652420708266122e-01,-6.272893695085875188e-02,1.520316180197626155e-01,2.901382873275354934e-01,-1.927720846933733134e-01,-8.081795521849158281e-02,-2.085553850774415907e-01,2.396023992544812353e-01,-4.225015987545167051e-01,-1.168507302025919986e-01,-7.464514638052328899e-02,-3.088223470602719511e-01,-4.803377538194458785e-01,1.208144631369624661e-01
4.956534741734403005e-01,1.379259773615983120e-01,-4.185980211532927542e-01,2.947054616315111786e-01,-3.135141035429897527e-01,-1.050622461175292205e-01,-6.816588290199324662e-01,-2.746478632693370725e-02,-6.237727365504333599e-02,-4.869700789900091031e-01,2.433858058430087568e-01,2.723724712431998540e-01,-6.053138689989472354e-01,2.518387221161992873e-01,-7.510556887718441432e-01,-1.390027207864295150e-02,-5.706032007821495444e-01,5.823075733192235176e-02,-3.528573165881607621e-03,2.261441418015240068e-01,-6.962217836533565185e-01,-7.734531881088753114e-01,1.786352936184328610e-01,-2.169093408946030643e-01,1.792959124364872647e-01,-7.928073733026012870e-02
-2.929426080368717766e-01,8.332146080751038353e-01,2.224028747063824252e-01,9.682795757263362724e-02,6.840173294967366591e-01,-6.725054138750496957e-01,3.673131843946693120e-01,3.111337402581712541e-01,1.424951492771031336e-01,-4.923939888509962781e-01,-5.410485591684486284e-01,-2.737441818926046877e-01,-6.125522859994365632e-01,3.939000227577614255e-01,3.260518487641388963e-01,-1.004463538513040488e+00,-3.735142045350040019e-01,3.907936876292107675e-02,7.686346050316078538e-01,-2.426025788069426092e-01,3.563086011343083448e-01,-3.421036280424419873e-01,-2.398189469636185789e-01,-6.950029443112507588e-01,-3.136961096149352146e-01,-6.088021262111440457e-01
2.745399453688634472e-01,-1.581781134553790491e-01,-2.446522637065011996e-01,-1.991093717834306054e-01,2.414449261612459929e-01,-3.653191348157129870e-01,-5.317529632387931748e-01,-2.509573347546946165e-01,-3.754875220170266203e-01,-6.719943222816194828e-01,2.274943432403734450e-02,-5.076042987405640083e-01,4.888115891139098723e-01,3.493442904773094715e-01,-5.506912235929402044e-01,2.247814198984353640e-01,3.526680362537307212e-01,7.084151368420363859e-01,-8.185404839610314898e-02,-5.745253637985919815e-01,-8.761073051079606433e-01,-8.038369435939000940e-02,-1.722935713686410408e-01,1.177766214053109634e-01,-6.982773511656656940e-01,1.187699557820981328e-01
3.978862895464858607e-01,7.114925775784730622e-02,2.100078138401846317e-01,-8.674790760651250598e-02,5.058954154480299614e-01,-6.008777447150752682e-01,-7.114934587164517543e-01,1.479506563030347499e-01,-3.344364415586885686e-01,-3.637857876587133332e-01,-7.052265086248182824e-01,3.786328771605137478e-01,4.581105356137055162e-02,-5.583768186470519090e-01,-3.439162542917874044e-01,-1.209758577822070136e-01,4.837214488154358699e-02,-6.470086716370053448e-02,-5.792167448517567818e-01,-1.335118205449922490e-01,3.264379381253018075e-01,-6.562068010626379011e-02,-6.276943442321544220e-01,4.247831920535229400e-01,-1.673740492288975090e-01,3.043095958654194466e-01
-2.297410160229769738e-01,-8.229986260566338752e-01,-1.244607906532104596e-01,8.304778342680384506e-01,-4.392100732589666601e-01,-2.471010385804277842e-01,-4.312696193419875423e-01,3.533838525317474222e-01,-4.467645263656856436e-01,1.250452938427375205e-01,4.160653507498900394e-01,-9.024539537631438846e-02,-6.806557429474194842e-01,-6.540464646103716362e-01,-4.808030769922317371e-01,4.387784880021435852e-01,4.340093196862884750e-01,6.390334611441171875e-01,-2.029616056387112122e-01,-1.398553398168048134e-02,1.736510310011737251e-02,1.312453940988159706e-01,8.161365040146310867e-02,-2.818721764921285344e-01,-3.438383592624484342e-01,3.187134143466185954e-01
-3.129334484589839649e-01,-4.278118510040420652e-01,-8.362159160064207286e-02,1.251808777210284065e-03,-3.677648699651956954e-01,2.745913144625676816e-01,-4.673699565259699096e-01,-4.055374937067418029e-01,-9.193999450717932342e-02,-1.571064177310264875e-02,6.638197799762100004e-01,-3.357255601017947177e-01,1.366863368172628879e-01,-6.095842809479746771e-01,-5.731835242407953279e-01,2.376985854025699396e-01,-2.880780478033593273e-01,5.659517632862546277e-01,6.861122839516281546e-02,4.615320722126570185e-01,-3.623049230126823006e-01,2.098104808983441375e-03,3.349735372537889222e-01,-1.958752553568556820e-01,2.491080520637841550e-02,-1.700855081227117260e-01
-3.815041330217364135e-01,-3.313214575971302756e-01,-4.026440671813963923e-01,3.684047570130586507e-02,-4.926674314926290932e-02,-4.731096379175839250e-01,1.184154650687462840e-01,4.305524682225884275e-02,-6.909434646674796898e-01,-4.714521756942645081e-01,8.224871655565288431e-02,1.025722495354638476e-02,-2.051016846365393276e-01,9.751671979442885774e-02,-9.578427552469059858e-02,-1.440962932411628261e-01,9.020543412948187068e-02,-9.357456681153530909e-02,-4.557151777914752316e-02,-2.550048073839452645e-01,8.246401226166778786e-02,1.356118209399899133e-01,-4.570470359934077909e-01,-5.760889889847031764e-01,-3.036953038907576063e-01,1.675854782013296018e-01
-4.806946796338929517e-01,-4.279431014229973518e-01,1.324211026253567791e-01,-2.833711002752722363e-01,-6.568860384412522624e-01,5.079168241359122149e-01,-1.254905560928865592e-02,-5.722266632387446039e-01,-9.112734960243257243e-03,3.125748086719304375e-01,-4.125682400901636848e-01,-7.749791393332591261e-01,1.531798996398860968e-01,2.210870990024807557e-03,5.397914354348355426e-01,4.101460511973478162e-01,-1.251163400591605024e-01,2.471124028164783937e-02,-3.728725616606621274e-01,2.408859911322411840e-01,-1.932898359273578781e-01,5.797717013035515871e-02,-1.804257735145584629e-01,-4.276183485279919649e-01,1.750397955520744397e-01,-3.143307501089293021e-01
-7.594667262814612796e-01,-2.574226608395191809e-02,-2.636867702084702558e-01,-4.714435942441265737e-01,-4.116115291927915365e-01,-4.506419269437382247e-01,3.701073498899200009e-01,3.977549718489116759e-01,-5.288079545418247207e-01,1.242940257073472526e-01,-4.582541420686160882e-01,-6.573562073793205451e-01,1.030738290844149946e-01,-4.172507711315858736e-01,1.577133331041499775e-01,-6.150297470072581957e-02,3.349074321051391245e-01,4.068926178430138929e-01,-6.175703345708100089e-01,-5.302167725078582583e-01,6.957260433620738871e-01,6.257650176393022567e-01,3.843050040311822291e-01,-3.902624720459308971e-01,-8.568456041152695546e-01,-2.892787367086960826e-01
-8.982642914039630222e-01,-7.967488802290907390e-01,-1.823139091829849845e-01,-2.601683675804415397e-01,-7.706715748029114854e-01,-1.640928041218058520e-01,-3.002078785621735135e-01,-6.852477842181440293e-01,-1.699065355943919498e-01,-3.034949120092635955e-01,9.455632874993626091e-02,3.700346305604135244e-01,-2.937565921472298225e-01,-2.197986869974828672e-01,-6.205694482646585408e-01,-5.761792097364890619e-01,-1.518873081623378085e-01,-4.361755049160973008e-01,4.584986513377280470e-01,1.591387151197909758e-02,1.831169896030493960e-01,-6.804667316203304450e-01,5.719765751239235252e-01,1.214239525700709470e-02,4.556038442082991913e-01,2.893342986117012836e-02
3.093790112317077456e-01,3.507705124487751069e-01,2.890785217290792186e-01,-1.592356873294516473e-01,3.325826671000498558e-01,4.760574943252030705e-02,5.792068451071239465e-01,-9.881617511595310044e-02,-6.466546221291159524e-01,-3.925397161635290622e-01,-1.029243526297135780e+00,-3.370056295326321338e-01,-5.360153292115005241e-01,-2.365011257349697027e-01,-3.903029826324794782e-01,3.604138456316497985e-01,2.429028851788915810e-01,6.232498241867432398e-01,-6.008668635288091364e-01,5.951293125496233127e-01,-5.725458496557834787e-01,-4.573969562862485461e-01,-1.220844282378583390e-01,-3.308912543500384662e-01,-8.082307245494820824e-01,4.849821628477533619e-01
-7.031460597663143908e-01,-1.022834591002296512e-01,-2.694191834820893194e-01,-2.845002496366624833e-01,1.293144659298994525e-01,-5.973060051024788875e-01,5.500035300689029572e-02,-3.781794015510289708e-01,1.170320172113318985e-01,-1.486529196621090010e-01,-2.592817943203205577e-01,1.241455698212562270e-01,-2.919127894193158101e-01,2.111927447560098606e-02,9.132153728636376033e-02,-6.246729230865519233e-02,3.779042808858638636e-01,-6.606766027622422710e-01,9.580082747221600747e-02,2.597621911750864210e-01,-1.601137110592227297e-01,-2.058640064315162554e-01,-3.461545816232489692e-01,-5.372606872274090506e-01,4.931068245628540958e-01,1.474762037316370428e-02
-2.806343019882066581e-01,-5.491405083485997318e-01,-4.288724747785953584e-01,6.212731355712774323e-02,-3.540482472419713145e-01,6.515247766217270586e-02,-5.998388050418179511e-03,2.499400416557029658e-01,-4.555012248291055443e-01,-2.905399992967893086e-01,2.583694598646831819e-01,-3.294508772468496827e-01,2.020544589024339272e-03,1.081589612245555526e-01,-8.523683297064008069e-02,6.662361416752303478e-02,-5.146679950872676823e-01,3.238480957509453084e-01,5.423361992920300301e-01,-1.755089950597805148e-01,-3.939399950600694922e-01,-4.103415765758947620e-01,-3.020724727184984082e-01,3.303173854055509867e-02,1.068454357391571963e-01,-6.304485531685878330e-01
6.846590894455417686e-02,-3.948599490235197296e-01,6.778329086875453102e-01,-1.680159613757558623e-01,2.300667158769583720e-01,-8.843455586990497386e-01,-4.433921421765579796e-01,-7.881792213692933036e-01,3.279785717931471556e-02,-1.166054319046265358e-01,-7.353963825041186231e-02,-6.106383937119101990e-01,-5.585985622948812512e-01,-5.736153126834947491e-01,4.349815585024165432e-01,-2.371702178714318529e-02,5.082094586663585822e-01,5.242156245205681353e-01,-2.641852376504068012e-01,3.889370374368607552e-01,-9.477833852493917632e-01,-3.245736337127483884e-01,-2.215636038241856620e-01,2.445482059902512884e-01,-6.890871080488999434e-01,1.932472095441555571e-01
-7.431791010762980321e-01,6.613725641015021361e-01,-2.711686435484788604e-01,2.419123741042548126e-01,-4.962057166914927153e-01,-5.842425589507185268e-01,4.612933590351623314e-01,4.492144351666753077e-01,-4.116000436945089769e-01,-1.744919865039976092e-01,-3.543962533565315765e-01,1.937884242648899025e-01,-1.202093866478062476e-02,6.059954340399924949e-02,1.993313347824359483e-01,-3.800330300801408323e-01,7.700224228692277573e-02,-5.115154766154594856e-01,-3.876096060832389112e-01,-2.288805784917078701e-01,2.406764018942303962e-01,-5.995632305483537816e-02,-3.771333834617199843e-01,-4.788453315701709512e-01,-1.785563239821861270e-01,5.670382340532387905e-02
1.816935531936837711e-01,2.984275751588918446e-01,-8.646338389424648163e-01,5.648223117547637173e-01,3.305710532560819925e-01,4.126023914968763306e-01,-9.929085248801748642e-02,4.329173806660309154e-01,-6.280342675944103892e-01,-1.966696730787373393e-01,-5.999737199415827726e-01,-3.351991463677642669e-01,-2.132713735594918003e-01,-6.892043675640778799e-01,-8.556895760634960491e-01,3.155032206103337566e-01,-5.079103459346775429e-01,-5.787590940629342429e-01,-2.644773516939504798e-01,-2.016469913772028777e-01,4.732103327059644649e-01,6.888333209314281141e-03,8.570918381159929600e-02,-6.543610461768355480e-01,4.163893946502337795e-01,2.116453635792684695e-01
-5.238726448830779425e-01,-1.912104626142512864e-01,-2.997803464208056989e-01,-9.099915016971199533e-02,-1.404303756301323314e-01,-7.266054981455982720e-02,-1.158248801673493061e-01,-6.141414029640271943e-01,-7.978168117387302027e-01,-4.350031069599988864e-01,2.489834215993154132e-01,-6.386151328306132191e-01,-2.127653401868718000e-02,6.825667293117101964e-02,-3.265144517962584869e-01,-2.603669178563575159e-01,3.272404248757098677e-01,-3.239361066670496947e-01,-4.276425203043515699e-02,4.878825846377601305e-01,-1.710668250488494024e-01,1.522771160016098690e-01,-3.088578082384264012e-01,-3.916899933604615636e-01,-3.001261850000961906e-01,-5.185929695906209558e-01
-7.535994363384885819e-01,1.906330590706048211e-01,2.691587741156170055e-01,3.910376229850580643e-01,-4.660470722131069832e-01,-7.176182201919208969e-01,-5.848684449132681706e-01,-9.059083480936422905e-01,8.420780385998157813e-01,-2.659095395471851586e-01,1.488455372920554354e-01,-2.781927580673346223e-01,-4.402450376110798036e-01,1.858701119732373563e-01,3.103233127682245018e-01,6.467429204124666153e-01,-1.150911437771995893e-01,-3.042020514067925729e-01,1.856339625616402755e-01,-6.995832901501403134e-01,3.789060756627811166e-01,2.373945459600149133e-01,-4.425859894943044992e-01,-7.102907680145490454e-01,3.074742504095170359e-01,-2.567573261138053065e-01
-8.722835634401120142e-02,-1.252800719474118085e-01,-4.878550414542617841e-01,3.737249783193646313e-01,-1.280733556573789289e-01,-4.160691490105839496e-01,6.321610582026824243e-01,-6.009442491170110534e-01,-3.514797646104712570e-01,-5.403888237131700967e-01,-5.624895348355054558e-01,4.114797578067142525e-01,2.443525529987706363e-02,7.016496200171413733e-01,6.165820814513432724e-02,-5.100356824625883467e-01,-1.443561940732041859e-01,-2.130385356726059165e-01,6.379918706830169928e-01,7.289628970712502820e-02,2.378853574186677589e-01,-5.829222658914322563e-01,-3.574717877030924584e-01,9.861060228040161024e-02,3.988589818978250517e-02,-4.756811594717919589e-01
1.992118744682461196e-01,2.139684613675694666e-02,-1.728142956208512104e-01,2.420624342905269566e-01,-2.413277167861741235e-01,-8.717254691697572111e-02,1.278586617870850761e-01,-1.171984704237554048e-01,9.092492217107704666e-02,3.450803146299745716e-01,-6.487410422495164530e-01,-1.164459287981197411e-01,-6.947265462143296100e-01,-4.327111135157563071e-01,-3.447643453443757777e-01,1.536331085872194580e-01,-8.141252036069648312e-01,-7.752179334786792886e-01,2.165710471707840423e-01,-1.029616580551276500e-01,5.976682216294959549e-01,3.218822712131586550e-01,-5.175023612104716619e-01,-4.865155794239968134e-01,-6.345697287376790563e-02,-5.988868929292360394e-02
-2.981069914991654191e-01,-8.337437655376486734e-02,3.845538687458714966e-01,3.019723038602183454e-02,-4.819899658530624742e-01,-8.280632715335670135e-02,-5.797189822182287067e-01,-5.368743338062643977e-02,-2.470016911730976428e-01,-5.248005600908732804e-01,3.799262450100553967e-01,-8.894802103952811345e-01,-5.608717115156210131e-03,-2.460048835424284708e-01,-1.198272793880944820e-01,-2.634566138082283238e-01,-2.733033937926004214e-02,1.284011111315855602e-01,-3.743386913774784386e-01,2.242465180648828271e-01,-8.399634498440043673e-02,4.081965233096149226e-02,-4.410678663169365632e-01,-3.777125972672009113e-01,-2.032267764836264215e-02,-3.612157140767479069e-01
-1.638057670239353725e-01,8.522735394601669082e-03,-4.938940045592007388e-01,-5.179422401553587241e-01,4.887506239497830807e-01,-3.178386165850166645e-01,1.179953242240883021e-01,-4.048439280928144979e-01,2.139261381835962095e-01,-2.018990049950427912e-01,1.156175907930565155e-01,-2.989193103897651027e-01,4.241988010007081145e-01,-6.628641050732633766e-02,1.624850308085449835e-01,5.229388756550765877e-02,6.874521064875932508e-01,1.273567981863863718e-01,-5.439682290998757441e-01,-1.871307155680162759e-01,-4.266847031195201145e-01,-5.958335850682653367e-01,3.308059745654515216e-01,2.538008766410157838e-02,-4.490636513910832295e-01,-4.341559499634817243e-02
4.373976596165042863e-01,-4.991435652306784876e-01,-5.183182954645214613e-01,-1.326321788009836300e-01,-8.224269413894863545e-01,-1.909248302336907510e-01,1.418376402254805380e-01,-5.925750930494290136e-01,7.689493580687766228e-01,6.832650610891552456e-02,-2.520827376668781095e-01,5.977500828363994101e-01,8.862929203552485924e-02,-5.461034289236699202e-01,1.774404874139503818e-01,-3.662339334590496986e-01,1.502628091166865066e-03,-4.589336167508923370e-01,-8.018759537344095911e-02,-6.456609587206427747e-01,-4.144393954825170701e-01,9.390325311790499729e-02,1.061005649421059571e-01,2.199313908445751364e-01,-4.907265879597601937e-02,-4.759091230343642231e-01
3.049063285639911358e-01,-8.255837294526759962e-01,-3.567281197726664826e-02,6.497468755072169921e-01,-6.884047894187054206e-01,4.751217541429366142e-01,1.995853324513059690e-02,-4.311611746029798131e-01,-5.460204915299960993e-01,5.433847744301987248e-01,-6.335204733828726509e-01,-6.569922094443735316e-01,-4.843368868647613401e-01,2.474054978737949273e-01,-2.442457194311822288e-01,2.228617554005270784e-01,-2.953141434243980457e-01,-6.313255503726569184e-01,3.936444571392832409e-02,-3.903134181810831715e-01,-4.705482260688002849e-02,2.013337540479920307e-01,4.706848459886939229e-01,4.331814596873710954e-01,2.462616040125743463e-02,-6.397004853669935320e-01
-4.942375942859594251e-01,-7.701532078717238106e-02,-3.370998984832352385e-01,5.940063338882967114e-01,-4.166146904055729322e-02,8.146246210247707481e-03,-5.216688526685280269e-01,4.404832246129973261e-01,-1.447715113905443940e-01,-1.168905736881477309e-01,-4.129641892620527499e-01,1.157766799139310632e-01,5.768686982895869786e-01,-5.899294545508971810e-01,1.859040106349968968e-01,2.754173545485066876e-01,6.470032444083687606e-01,-4.212758976470746819e-01,-3.879282487552804803e-01,-3.157894988650746249e-01,4.575630092805823002e-01,-5.088966937832152260e-01,-5.219682496637916003e-02,2.357870825307074869e-01,-4.810567844743848104e-02,-1.416479707812197675e-01
5.279274453563059799e-01,6.097871795072218326e-02,-3.364672345937509412e-01,-8.726684008979186391e-01,-4.690228811536604758e-01,-1.922707019991062027e-01,1.693371242669974019e-01,-6.705731190172088407e-01,1.676735255020837811e-01,2.339149233988971066e-01,-3.883484009584146079e-01,-2.297263751286434119e-01,-6.581065927439810892e-02,1.999914466368534205e-01,-3.218132862153138540e-01,-4.412168973732547572e-01,1.798106593871292291e-01,-7.045633348479241054e-01,5.956003031825779503e-01,-1.387244291311146016e-01,-6.526429458373200765e-01,2.966052820709432214e-01,-2.546555522960480267e-01,3.939328364885634759e-01,1.219323399025076388e-01,-8.288407113249122993e-02
-6.767152156641115246e-01,-6.893095531392232633e-01,3.449576549345453880e-01,-3.263733348224385211e-01,2.635013282546596058e-01,-1.885515306289186621e-01,-9.860447300073915677e-01,-7.359191600554464419e-01,2.463060279918443396e-01,1.285885174118162610e-01,-3.183951282441763730e-01,1.978121880354683226e-01,-6.731678699240485342e-01,-2.326613045030452298e-01,-8.022967910381292311e-01,-1.527348683619488834e-01,8.633189390561286924e-02,3.915734128499568367e-01,-1.604702685287006381e-01,1.965819810086341657e-01,-2.381963046071015333e-01,6.468697307430857357e-01,-2.337774946505427331e-01,5.068885845235392151e-02,2.782829151294547443e-01,-9.429258184380967522e-02
-1.843392768650989610e-01,-4.894141814999362627e-01,1.577445739996650165e-01,-3.847018126994083409e-01,-2.167678983567529125e-02,-1.806932534962009049e-02,-5.646301770999343494e-01,-2.221437797746307063e-01,-1.376146572273359570e-01,-3.458679404196743357e-02,-1.267620286007066777e-01,-1.244130124873139287e-01,-8.823522304201429911e-01,6.424836933470844634e-03,1.087445230607318181e-01,-2.717183730039235412e-01,7.137425568933439268e-02,-5.007394122042391205e-01,-7.408491627844848715e-02,-1.736132609838449137e-01,-1.895542159611623978e-01,1.739314583038222006e-01,-2.369221083667533145e-02,-1.388999457033444629e-01,-3.108168143172871378e-01,-3.270288879134285454e-01
-2.421508459347907205e-01,6.955416080619013508e-01,-4.968113707952195868e-01,-5.604068460339414193e-01,-5.602886878430373141e-01,-4.120314668711862888e-02,6.083347942222019356e-01,-8.238680369658389901e-01,1.139962606428076980e-01,1.621358421144553641e-01,-2.206239400673923046e-01,-2.656779219466010034e-01,7.499815601882404703e-01,-1.450543913394828632e-01,6.916853981066768409e-01,-5.997905280343793777e-01,3.398555712392604677e-01,-7.332791925760903107e-01,5.709728228053244647e-01,-6.947783828083436974e-01,-2.163755769407268992e-01,-3.394361892435442396e-01,3.119741087109625388e-01,-4.993327070131531320e-01,1.609359019370813770e-01,-4.658468638071934231e-01
5.532637605604870945e-01,-1.197783213473222613e-01,-4.720161768427590943e-01,-5.470640914389599679e-02,-2.773192822869968710e-01,-4.453548574967644558e-01,1.375916382359081425e-01,-1.086482678820355902e-01,-3.540448174706322115e-01,1.528309930476644263e-01,1.849620783555679942e-05,-3.637862684771390187e-01,1.482763917425039546e-01,-4.107015018955567087e-01,6.623035419990047287e-03,-5.623451320542725007e-01,3.972631699022921015e-01,6.617793168791028524e-01,-3.449048528761404775e-01,7.170082800813497304e-02,-1.894378441772088528e-01,-3.683854744458667230e-01,2.552535520305083683e-01,-6.398614889728375665e-01,-1.825861447354510114e-01,-4.355236091586842107e-01
3.712454471156987901e-01,-3.854749295976458989e-01,3.131903146365080937e-02,5.959635204038201683e-01,-2.154757073069403506e-01,-6.099431088661044775e-01,-2.347797200811221063e-01,-4.024155057514581801e-01,2.998263260043237607e-02,-5.511397554853718628e-01,6.497985916544968786e-03,-3.566883812058133651e-01,6.371685566657723232e-01,-3.447454550043501098e-01,-8.235318660697636961e-01,2.798635389267808415e-01,9.513346277596349543e-01,-5.085402623602548466e-01,-2.629037742414513934e-01,1.693228959690876723e-01,-7.452188613713883747e-01,-1.508328316714732664e-01,-2.943623638776856621e-01,-2.176037015839560607e-01,-1.193138974353392667e-01,3.625975722895959374e-01
3.813025530015780040e-01,-5.489995602593381596e-01,2.812377135741258583e-01,7.553594721542267187e-01,-5.795370414590391706e-01,2.256989737187199974e-01,2.837027155310569704e-01,-7.254790548852193544e-01,2.163873109710892639e-01,-6.308597869313784523e-01,-2.744874433565591132e-01,-2.813795706655249362e-01,1.223290610438054343e-01,-5.462768556078002186e-02,3.379719792224637476e-01,-2.901100615176328001e-01,-2.069485575124904442e-01,-4.316737655349786595e-02,1.288558575867621570e-01,2.470450981410161062e-01,-6.210557459824198913e-03,-4.794579127757291337e-01,-4.084771204999635974e-01,-2.631272102292552262e-01,-5.488122932082853955e-01,-5.527147648178908357e-01
-5.895720643237186698e-01,-3.902007448755931418e-01,-6.034701776927866579e-01,5.796711484578924711e-01,-3.698099551696920617e-01,-8.038405750163952757e-01,-1.163924507445518897e+00,3.335135642303486692e-01,4.861916006893910458e-01,9.114464209624294211e-02,-5.545581833929045246e-01,4.034648629596285785e-01,-6.942779933648264568e-02,3.276493979623462671e-01,1.941289699935139501e-01,8.009812303070847073e-02,1.560755633338742343e-01,-5.642378226849354972e-01,2.843424011848402072e-02,2.779875242840375016e-01,2.360365680269446431e-01,1.478444071269206517e-01,1.376088610523757139e-01,-3.953282703802687426e-01,-6.542164108470567285e-01,-3.770817563788039783e-01
1.599561672222268860e-01,1.522782188903206435e-01,3.236269727170790894e-02,4.243565490829266929e-01,-6.430041779052948769e-02,-6.944457978824311040e-01,1.464989827742230466e-01,-8.804124706136751133e-01,2.470070467867706565e-01,-1.022526273893319404e-01,-4.047323530249889445e-01,3.484904350747791701e-02,-8.647104579459785612e-01,2.066150664888904975e-01,8.413430665702886779e-02,-8.263245349664886108e-01,-1.649968207428783029e-01,2.561583223276852062e-01,-5.292888412118346153e-02,1.266860370400062774e-01,6.319301002349272944e-02,-2.911325658842964792e-01,-3.911464539817289254e-01,-4.654915496301393896e-01,-6.609840078156477006e-01,1.888552449599597283e-01
1.046823122062107841e-01,9.958731819696813037e-02,3.143983682421213066e-01,-5.884113734281372077e-01,-1.024083325953726975e+00,5.297147834559152724e-01,1.477843520611657989e-02,-5.064945511795027749e-02,-4.218760304068843170e-01,-5.627344451874105591e-01,-1.844429919560890974e-01,5.733576609806587121e-02,2.795376440068422230e-01,4.955726412546281878e-01,5.151416070762193655e-01,-1.486003115066172608e-01,-2.251497122971365394e-01,-4.000582852895150920e-01,1.513368387269231063e-01,-4.453074210327262472e-01,-1.251455037197664322e-01,-3.522025194603521370e-01,2.019790173995362481e-01,-3.196014155001902224e-01,-6.318731326529812842e-01,-5.899950531080669913e-01
3.217084500624732835e-01,-3.636591523251116453e-01,2.435422926545587619e-01,-5.151804556626827791e-01,-7.498274088865782838e-01,-1.910016616119702137e-01,2.922566259941851707e-01,2.627400388089356498e-01,-5.374373860755072840e-01,2.154818933488523991e-01,3.479899917784762264e-01,3.140687412885138086e-01,-3.594267938483028391e-01,2.031468617069203675e-01,-8.765052139566573697e-01,-5.825097211600310798e-01,-4.277934575322858146e-01,-1.858144701708790425e-01,-6.532556910827073127e-01,-5.662542912097809911e-01,4.680725705238854006e-01,2.784830826433297712e-01,1.959814731616121505e-02,4.671209067802953863e-01,-6.514933150029615927e-01,-5.340415285847990301e-01
-9.441581331100212804e-01,2.669351845530265055e-01,4.825922592600106337e-02,-5.076651705760693023e-01,-1.970432235454667308e-02,5.988670655524429565e-01,-1.977880736432286179e-01,4.875796436334107198e-01,-4.344361435628676382e-01,-4.862431436893511205e-01,4.484867358906651780e-01,7.139065460424776077e-02,-6.927042209402289874e-02,-5.694411066859864090e-02,-2.702065266798273635e-01,-1.402195523285397483e-01,-5.474209146279430671e-01,2.277209221127906857e-01,-2.640452696779596597e-01,-3.328699377175330376e-01,1.981930958773719387e-01,-1.390376586594472552e-01,7.144771534449226857e-01,-3.547746437358504368e-01,-2.210783055024508614e-01,-1.780860941794209455e-03
3.524432427641412957e-01,-2.271917926369379781e-01,-2.736076682127657200e-01,-1.230826885762692224e-01,-4.436524911018601691e-01,-3.938623211580304928e-01,5.662060348433052281e-01,-3.725170520951825992e-02,-6.034897701570419715e-01,-2.246309892783429629e-01,3.669925586599274703e-01,-3.499069876485653291e-02,-4.697277733720566784e-01,-3.300133429473606911e-02,-8.298061169244270729e-01,-5.831181111316805499e-01,1.451743800467259482e-01,7.723883482967874858e-02,-2.000740799519113711e-01,-3.147831641219044907e-01,5.280736797913078151e-01,-5.119928155583225449e-01,-3.344665551298130479e-01,6.259732327408414898e-01,-2.161161511747551056e-01,4.182453156085990109e-01
-5.915136117588239983e-01,-4.669014209164570328e-01,-3.056734864324519019e-01,-4.908329094079434962e-01,7.629482350155580850e-01,-2.881071677004199971e-01,2.758460695467412349e-01,-3.161522024668929065e-01,3.400673718999521200e-01,8.030974798941631354e-01,-4.444417269264316905e-01,-1.230020005124206339e-01,-3.719402160450234751e-01,-6.641357187402616713e-01,6.936853102186689435e-02,-2.852345551272924551e-01,2.097123232130976289e-01,-2.034971913626371920e-01,2.451212261160494177e-01,-6.850618870043303499e-01,-3.022751697471533494e-01,-6.497385203093255512e-01,7.154068219579498566e-02,-1.095314432517426745e-01,-4.477424847793220475e-01,6.821908250474221225e-01
1.049704431632680346e-01,4.945912114230919809e-01,-1.992946770717334282e-01,4.161679816310143720e-01,4.659062632317289010e-01,-7.511898573131837731e-01,-2.145869539283924432e-01,-7.755408799268518338e-01,-4.293665085999671116e-01,-3.717295556829503522e-01,1.573042192983055421e-01,2.432304313338395363e-01,5.620736423807277671e-01,-4.010615849830695412e-01,-6.539823690269260803e-01,2.803523051448159609e-01,-1.837801627136853300e-01,-2.160153304847752323e-02,7.639080868920018752e-02,-7.834709708937568351e-01,-6.141642935803579562e-01,-2.558217635088525510e-01,-1.071955863970537742e-01,2.693817613582595860e-01,2.339494581394948036e-01,2.237197688336810819e-01
-5.417459375739359650e-01,-6.331360094149739437e-01,1.848399662899979923e-01,-1.068195161711991803e+00,-2.424945666597426441e-01,2.182384333909730481e-02,-3.904192327044522792e-01,-2.972405401993870599e-01,3.413910894909182869e-01,-8.607595738373082783e-01,-3.545549034816376510e-01,1.563076399577787573e-02,-4.365997375573984485e-01,5.009474414240439044e-01,-3.418210956176128690e-01,4.709390717718654751e-02,-9.892680312240406670e-02,1.843647948936781300e-01,-2.677144739274386898e-01,4.144394537783361310e-01,-8.859972818544117890e-02,-4.385255995413950836e-01,1.756317908592727184e-01,-2.238161730132234850e-01,3.564851188646392388e-01,-8.917554751118749179e-01
-5.566313886101692532e-01,3.602810176838236456e-01,2.162815457834942612e-01,-4.044342616816656300e-01,2.339434137271604319e-01,3.122932794927978373e-01,2.743181395121840338e-01,-3.087520369828521474e-02,5.409105298184109234e-01,-5.620298543302834071e-01,-1.311656707980974335e-01,2.280739420708654819e-01,-1.984687302158514577e-01,-4.856401448868603588e-01,6.212451668383621450e-02,3.089468346634862694e-01,1.401232381824349393e-01,-5.572378407560456548e-01,-1.466202549369229891e-01,-2.900370029364513491e-01,1.578147678567554113e-01,-4.040304156405630231e-01,-4.722419245739502003e-01,-7.829201312521549827e-01,-3.851474545086008838e-02,4.043511921769984974e-01
-2.443038914830296116e-01,2.137932799341728529e-01,5.199893397075510126e-01,4.371925308105663599e-01,1.801305946629891668e-03,-4.343793627004366997e-01,5.562483803527146914e-02,-6.880231201448014922e-01,-2.510070737490385229e-01,-3.585209209274334285e-01,-4.354180832383088284e-01,-5.210451039876576873e-01,-2.719152238970410917e-01,-4.701979144966565438e-01,3.267276302930882115e-01,2.822241238917395090e-01,-4.892684636195642756e-01,-3.589176624894032663e-01,-2.873716174684457503e-01,-5.828461418823108753e-01,-4.202442593206535681e-01,1.289953157658622895e-01,5.293631535691309953e-01,-4.572714712911710166e-01,-2.338851742441667159e-01,1.437500938350201041e-01
-6.187553491491550872e-01,9.317132603838358673e-02,-5.352504820299398558e-01,2.084070554577210355e-01,-4.948517948919834986e-01,2.165705166460538678e-01,-4.392740407161228600e-01,1.199462324764455218e-01,-4.156953562001450275e-01,-1.712354479216748326e-01,-5.924551966487981991e-01,1.886823493243803274e-01,2.220755284459592291e-02,4.594849521300953255e-02,-2.829642626359090696e-01,5.270448706468906508e-01,-6.671976784289751494e-01,-7.598447593872588168e-01,-4.988860143809007441e-01,3.612370293447438874e-01,-1.726837822765363295e-01,-4.833899402990490257e-01,1.600831465442658363e-01,2.142707172181245456e-01,1.849655427299776167e-01,2.136491137183277877e-01
8.785522532983143507e-02,-3.601142982185067121e-01,-5.329799998940533134e-01,4.371068386589429533e-01,1.753757242314012976e-01,9.269693488264103918e-04,-7.225876684467842370e-01,-3.153164598841345923e-01,-9.532441851594802840e-02,1.818380943370248026e-01,1.529646588864139005e-02,4.948972140408598036e-02,-1.538633295691562153e-01,2.833467562405814766e-01,-1.018039594308194351e+00,-7.462586280563229257e-01,-8.541705273902914231e-01,3.774586250496545503e-01,3.309450791325776464e-01,9.333004670435933459e-02,-1.129935037434889322e+00,-6.087294860945698105e-02,-1.092402310005651661e-01,1.916880290838167133e-01,-2.079076300486310258e-01,-3.865722680707264214e-01
2.459431976393886554e-01,-8.107585466195813551e-01,1.404174939265118716e-01,-5.700055810482477225e-01,1.168809411588410119e-01,3.449651398941324110e-01,9.445671015701296858e-01,-3.895934048806362071e-01,-1.046233866842158078e-01,2.304984155709820515e-01,7.474923373291075639e-03,3.329916237295426074e-01,-5.168509171272197555e-01,-2.176373110888908300e-04,-7.880448124831196388e-01,-5.043563157605069902e-01,2.790617370348198734e-02,4.719440533062511656e-01,-3.385655398753539269e-01,-3.162646106460438589e-02,-5.478992161548850159e-01,2.449811389155568120e-01,-1.912775548028186889e-01,3.718120946690626760e-01,-5.592346858436078039e-01,-5.316449851287908812e-01
4.338264480098710241e-01,-2.091912762636364553e-01,4.534255260297851559e-02,-4.902390471270966915e-02,-1.425616249399564404e-02,2.412298575298077175e-01,4.010344995286641567e-01,-3.087169773386594374e-01,3.020336112560288444e-01,-8.595460587189620583e-01,1.286434897736252192e-01,4.350622954277287846e-01,-1.667367974330433988e-01,-2.090970084652445660e-01,-6.884999666200793123e-02,-5.636429185188854829e-01,1.870987776379831879e-01,-3.877873206582382881e-01,-3.941857215712132878e-01,5.363053657868911417e-01,-7.253360965984551045e-01,-7.162380381138584440e-01,-8.017182832111556801e-01,-2.839665558184075178e-01,-8.185063366724081302e-01,-5.857552262644353386e-02
-3.991249103756398520e-01,-6.415581767766586063e-01,1.633593776352753046e-01,-2.151492033306995622e-01,3.257519891165642778e-01,3.902289825425901970e-01,-2.910552156627383424e-01,4.325308477782805472e-01,-5.636290261898578846e-01,-9.949265671684075218e-02,3.283259330512798835e-01,2.506226328333144293e-02,-3.441914637166652580e-01,-2.748174574618441057e-01,1.223602181536584954e-01,3.719457187560451517e-01,-1.032705971979527515e+00,-4.297660258866113914e-01,3.200801506292802467e-02,-1.452212306956462695e-01,-1.093446618277862936e-01,-1.265812738722940367e-01,-3.231683832363735909e-01,-5.144706166006461912e-01,3.518792304480629074e-01,-6.717913423121943950e-01
-7.044131579409682598e-01,-4.621818768422834012e-01,4.625033626717109381e-01,-3.340474767766707376e-01,2.832363904542090638e-01,-5.723829865979284115e-01,4.446838504617710019e-01,-4.607362460352426026e-01,-4.875803631379927450e-01,-3.166496232205820993e-01,2.748113787040274425e-01,2.478876422619430975e-01,-1.958685981613853822e-01,2.220592247358897653e-01,-6.877240750354952636e-01,-8.089415014180646457e-01,-3.515339472120493913e-01,-6.864909694029798504e-02,-3.467550273347766443e-01,1.804843824165831556e-01,1.313146312499723078e-01,2.290258526725672539e-01,-4.708419492329073974e-01,-1.199417248769359817e-01,4.158805727198295332e-01,-6.102641725138572282e-01
2.187670048461947958e-01,-9.375207214700029823e-01,4.246501435506654376e-01,-6.778539795930609291e-01,3.365569421043637655e-02,2.666179133570668047e-01,-6.875850940663967847e-01,-5.602002726506761787e-01,6.092774432140102801e-03,-4.424593592714246570e-01,-1.355300549141501831e-01,1.276199925128818080e-01,-3.935953577174531315e-01,-5.051679180347867781e-01,-3.046962499786813328e-01,3.453001023330856123e-01,6.418424626348359641e-02,-2.839712818345211942e-01,-8.308458046820803578e-01,8.387844857796551701e-02,-7.406317855443140807e-01,3.968891017334982285e-01,-3.854237224073115559e-02,3.175111914107716649e-01,-3.182365130149166221e-01,-3.598751352878506310e-02
-4.577175983897235900e-01,2.860409824669712942e-01,-1.480109927723938790e-01,-7.284861391832212485e-01,-7.695021822020636781e-02,-6.994583023161933255e-01,-1.008077957426860016e-01,-1.367840459456755586e-01,2.250873224202690481e-01,2.525315483955531959e-01,-4.220008944606219725e-02,-4.476644617711678653e-01,7.632737147157583335e-01,-3.393318248842358553e-01,3.679454038746901579e-01,2.385316664375266293e-01,-1.212715994043016832e-01,3.296014702248454276e-01,-3.636170326409920439e-01,-8.061196034420575751e-01,-8.702936795394169978e-02,-1.965772436818067487e-02,3.786746061339022473e-01,-2.949064286888367775e-02,1.371382391818938840e-01,-3.211955304784071263e-02
1.255509683853052449e-01,-3.552721972331213118e-01,1.893448686966966721e-01,-1.517403763891496393e-01,-2.442798823557555676e-01,-4.457651504601901071e-01,4.653415670788619840e-01,-4.324215722032251352e-02,8.972421274264957836e-01,-7.483068300179435139e-01,4.276274663610322158e-01,4.279609517681592368e-01,-3.225304046216050935e-01,2.734290477039147960e-01,-6.876467258438838659e-01,-7.518793466894420074e-01,3.036137152212072671e-02,-8.852937014299684382e-01,6.229984519154481148e-01,-8.782627876915219955e-01,-1.364479137033675071e-01,-6.461348445413283015e-01,2.075207075573088644e-01,-8.684644726706459983e-02,-6.863564265721295854e-01,-3.795283427012605126e-01
-3.362301823330314798e-01,5.956840029503037703e-01,-9.065141625076653664e-01,1.560346066310459301e-01,4.779355804390678641e-01,-5.349505932245982032e-02,3.034413822422769025e-01,2.468239445558795819e-01,-3.128779695780123382e-01,-2.779562573306595397e-01,-7.292166906823686068e-01,-7.386591897124996642e-01,4.367147834826008990e-01,2.818468395345571920e-01,3.967593431639828139e-01,4.190570633266147982e-01,-1.147671561865628298e-01,5.152726807259061514e-01,8.260976241631114159e-02,-4.320169403879018932e-01,1.386781139499800863e-01,-6.688897263809882032e-01,2.943852307221610509e-01,-5.314919467768958183e-01,-3.629335727592855054e-01,-4.156704247365049926e-02
3.231656347371867910e-01,-5.745716758260527302e-01,-4.744311598594191937e-01,4.173515880837112002e-01,-9.294092575842977100e-01,-1.518434140615658456e-01,-5.832928060112444607e-02,1.315738758382459760e-02,4.511342561767177628e-01,-3.520005340642320957e-01,-5.651503551483930687e-01,-4.020398795989825746e-01,9.919481616074789232e-02,3.173260747104825197e-01,2.195053722651874872e-01,6.215625815313794433e-01,1.002630878848563972e-01,3.300434011615179242e-01,-2.850826984014745435e-01,6.462276575418821611e-01,-5.774086780381302297e-01,-5.996356110027148967e-01,-3.569441690721453786e-01,-3.665588558995651058e-01,-7.179351502583510847e-01,-4.215022981933970181e-01
-6.653436319281230693e-01,5.050509571832151844e-03,-2.375921625191056707e-01,-8.168842665352236965e-02,-4.792073746703752746e-01,-7.896125813293144446e-01,-7.944585224844826765e-01,-3.736050823741904336e-01,3.109118587193193117e-01,3.745804905179984101e-01,2.451142526531110630e-02,-1.779087634160637366e-01,-5.852200250991310693e-01,-4.619317063269438584e-01,-1.725845100317695557e-01,-7.293592064121997565e-01,2.122140844268128046e-01,-7.009763791697785074e-01,1.177634727006937748e-01,5.565931236503056379e-02,3.613728484115858453e-01,7.800244283625475117e-02,-9.942820766385085385e-02,8.521618298846918294e-02,3.411301867386093978e-01,2.435477090595263572e-01
1.238567190977819810e-01,1.161257467368141394e-01,5.645435801570205525e-01,-4.671444015636341263e-01,2.316277049935986654e-01,9.158155887812839679e-02,-4.897605230130029352e-01,-5.989915944144712512e-01,2.237216944824489961e-01,2.392623698583205005e-01,1.608821875613183350e-01,-7.105532290398375306e-01,-3.065779904875274089e-02,-8.672318928258634374e-01,4.377390728785335305e-01,-2.908102166698203761e-01,-3.311803699811271540e-01,-1.232790348800093388e-01,-3.115336766703479809e-01,-2.315895764933371126e-01,-6.372938963699603665e-01,-9.114550211484114817e-01,-5.605375845391692008e-02,3.471688144881731608e-01,2.390153669541305315e-01,4.266313625212239113e-01
2.233032840131981556e-01,-5.520035654810672154e-01,-5.547746565996156676e-01,-2.083783938032385818e-01,-5.378995676458310227e-01,-1.413702487183140788e-01,-1.566625303176001349e-01,-2.180551542859101438e-02,-2.896107649050378985e-01,-5.626102521902336395e-01,3.817860569244903024e-01,-5.359116566153667716e-01,4.234730791275069794e-01,1.433755310607653655e-01,-2.202929560898427286e-01,1.641956131862521984e-01,4.819572318192239524e-01,-1.439590319449155775e-01,-4.920775665046241421e-01,-2.810941474370539650e-01,1.121294824460383754e-01,3.416055117093048654e-01,4.175135935629013528e-01,-2.144133381324620502e-01,-7.235304829949616989e-01,-6.346094920836822251e-01
4.313881119384624374e-02,5.724649551940120817e-01,-4.157929299461319839e-01,-6.679718349926085930e-01,3.408382353093159511e-01,2.041504032762430920e-01,1.705260126797804310e-01,5.054474312640294675e-01,6.403672466588164816e-03,-5.705322110145785164e-01,4.503236165568990507e-02,-3.324142325682281074e-01,-2.623278016063234630e-01,-1.489443628914994544e-01,-7.833200451444493062e-01,-7.261872776928931517e-01,-7.818674824215231245e-02,-5.392165607395060789e-01,1.906550670069850351e-01,-1.958489850672851806e-01,1.713415763782186185e-01,-3.619505877707396291e-01,-4.285394324883365358e-02,3.401590633324435009e-01,2.452475894496692066e-01,3.245400322645781155e-01
-1.932833245494120222e-01,4.322823789436160413e-01,-4.810115447163899050e-01,-3.098627040311606740e-01,4.497275822471855644e-01,3.886236699790631133e-01,7.231398755999172978e-02,-4.303819375916259626e-01,-1.856401052106386729e-01,-2.333020017692078174e-01,1.889642913599896279e-01,-7.491048123222684429e-01,5.131682304306185438e-01,1.006522139306626207e-01,-1.632504604778723389e-01,-3.015315901528052844e-01,-4.904701849440595840e-01,1.674999925789037447e-01,-3.075088145673237627e-01,4.458396807749003266e-01,-2.518258190946427999e-01,-1.358047330529995635e-02,-6.675844922502838230e-02,-6.052126093342805602e-01,4.551861238442396207e-01,-8.731859478630173144e-02
-6.281498581446372242e-02,-4.987990871812846283e-01,1.722965191474134516e-01,-7.200450898403463196e-01,3.144317495028114973e-01,1.046639481073466937e-01,-2.644145103926846541e-01,4.325902102520864240e-02,-1.168795922299686735e-01,2.433832638599936482e-01,4.194791290185250765e-01,-5.851267232834601595e-01,6.141837500796182292e-01,-7.248232566354191331e-01,-2.001239654597405382e-01,-2.835444364213113855e-01,5.701764248611566055e-01,-2.477373116798398944e-01,-6.287031726224507899e-01,4.842124842456579925e-02,-4.440315352171481100e-01,4.656684810937763985e-02,-6.789290104963818795e-01,1.780239215919308948e-01,3.381563372922442579e-01,3.189221911020900246e-01
3.213064527355316558e-01,3.078698744942945029e-02,-5.028730284306054399e-01,2.257899674338184892e-01,-1.124216025035155386e+00,8.809877326810480191e-01,-2.938097441622851136e-01,3.144266544562052679e-01,-8.946224479390249007e-01,6.426373741485271740e-01,-7.429503039520207741e-01,-7.430822910477530296e-01,4.095066367500310722e-01,-6.256385971013852521e-01,2.414211244941327494e-01,3.229714047788493914e-01,-6.677958097341289978e-01,6.095902179266859955e-01,1.820903670229754578e-01,1.368990716467822777e-01,-2.846902329312717694e-01,1.992384525550998930e-01,-6.657553961743043480e-01,-4.232942622821131984e-01,-1.098523067696593469e-01,-2.266035863499076541e-01
-2.096298791527589078e-01,-1.791670007158902289e-01,1.240321305879923536e-01,-5.399882696908011592e-01,-4.639168738464842234e-01,-7.948893255605365971e-01,-1.435607817115006901e-01,-6.322388183540963436e-01,-4.099321818412384744e-01,3.187878010528097383e-01,-2.048921194376046306e-01,-3.874536222604833546e-01,-3.395803055169242524e-01,-1.819441568895427963e-01,7.804564220727766566e-02,1.513969514485138668e-01,1.374454172964880982e-01,3.654681872423185540e-01,-6.131084207960094679e-01,4.253898875437537308e-01,-3.670249170350703416e-01,-4.864131569499804963e-01,3.447629898760180556e-01,5.678170741981045100e-02,-3.785717055472150316e-01,5.191910094617001592e-01
7.792096086564796742e-02,2.551439559177439698e-01,2.912191082278818843e-01,-1.279386348648270111e-01,-6.460946912801426301e-01,-4.901110467939703841e-01,-5.806615265019330341e-01,2.233142290052649304e-01,-5.683444762958017593e-01,1.414967048516085901e-01,-1.914351866956631731e-01,2.766358418433536581e-01,-3.578107394803162200e-01,-1.593033586655643041e-01,2.320191039498901986e-01,2.738078463773364057e-01,-2.382132936827475733e-01,-6.102735588414047729e-01,-7.522721050732107395e-01,-5.436812722852124580e-01,2.670783628083685524e-01,-6.831830149958654542e-03,-6.434363834542486393e-02,-3.374412658213442051e-01,-6.310537119004158146e-01,5.193268271771388500e-01
-5.346034043604048699e-03,-1.359326260826772270e-01,-2.746605968260810715e-01,-1.880333705489981855e-01,-2.520681470169617855e-01,-4.205651685743272972e-01,-3.890230775034294597e-01,5.963566530147160552e-03,-2.690359975590767005e-01,-4.424964397454095311e-01,-6.732838250155307458e-01,-2.539170678332521303e-01,4.967784846000017906e-01,6.788608932353817904e-01,-5.207347332199826484e-01,-5.070474753747656882e-01,-4.086316360342271414e-01,-2.783378448670345007e-01,-2.185697255234165803e-01,-1.722743548756675847e-01,-4.362540654673175422e-01,-2.292010274982879403e-01,6.248120823899664389e-01,9.740598209568118726e-01,5.295682702153620136e-01,-3.475549363686453175e-01
2.172773652364511643e-01,-1.253181272374555566e-01,-5.310697193569355878e-01,-6.562225694855380320e-01,2.213461284719558386e-01,4.272726891207588862e-01,-1.342833365458121486e-01,-3.323420450753587080e-02,6.438013818131570476e-01,2.520137859255954793e-01,-2.743896330198085654e-01,1.926077397414087122e-01,-1.992962629318159873e-01,-1.986008776788447117e-01,4.295140471830193735e-02,-1.075921210429478941e-01,-4.374283481288964714e-01,-5.665971160951774888e-01,2.337180934608028837e-01,-2.588496656895523107e-01,-3.277984925113963111e-01,-9.992932180776163686e-02,-5.958688155985732843e-02,-8.366381425205986488e-01,5.473928090137869518e-02,-6.821326494097778026e-01
-3.943775900158543180e-01,6.803067446908699079e-02,-9.327707694577453967e-01,5.370736396814731473e-01,-3.699728817082061361e-01,1.183380532453781053e-01,-4.662101860321093416e-01,4.653452776591978507e-02,-5.984891082527298289e-01,5.147763312066113706e-01,-2.543679371632164843e-01,-3.026503359737596766e-01,2.363139577919498024e-01,-1.354537451192118769e-01,-4.662752534307244012e-01,1.693619893856211645e-01,2.926930712020851533e-01,-1.449313298624113622e-01,-5.843117517970245478e-01,-6.995067048512031427e-01,1.195793765535664403e-02,2.350893292658772227e-01,-7.013623409671863873e-02,-1.199404752773609029e-01,-7.827664116470981481e-01,-3.171816590172205630e-01
-5.654772915071113459e-01,-5.706013178518895002e-01,3.200922497489966934e-01,9.946371582549326518e-02,-4.403889262817895639e-02,1.668298026382880883e-01,-5.630608790014234311e-01,-4.930978161212815070e-01,2.795677600351979541e-01,-1.811174152826606765e-01,-5.472624688381024782e-01,2.873605573888843856e-01,-5.956158950114808642e-02,-7.148165792541079089e-01,-3.199771858534429803e-01,2.996064260047041558e-02,5.911848590345899351e-02,-8.525500508497140251e-01,-2.798334032362975732e-01,8.260416965292326219e-02,3.535317863444194936e-02,4.022145134230037389e-01,-5.933667432383642470e-01,4.212062562879693717e-01,5.182251805035160280e-02,2.933750628989593157e-01
-5.276470544982928002e-02,-2.096899065686961827e-01,3.279810874733447013e-01,2.337452247441400011e-01,-4.070449096648121601e-01,-5.620020640365106512e-01,-1.345632226753269711e-01,2.434754859952911396e-02,3.311233987411054125e-01,1.181840024493500396e-01,-1.597029038227271991e-01,-6.278266238697668977e-02,-3.826187075811484650e-01,-1.353899345254399866e-01,2.664595722702928215e-01,-2.437296049248234842e-01,3.981721800692351182e-02,-3.954293540842145072e-02,2.780084129965120776e-01,-7.549785628644657687e-02,-6.437362637921190123e-01,-3.034787883802529951e-01,-2.895026244366246670e-01,-1.425574187041639233e-02,-1.203830159519866383e-01,1.718711794149255234e-01
-2.996024547203172683e-01,4.139055866075895262e-01,-3.765709663773479932e-01,9.829149481171837177e-01,3.755406468622548011e-01,-1.703181939416895385e-01,-4.707322689460174403e-01,-6.666459964997988041e-02,-4.153351309572302918e-01,5.306973636744642953e-01,-1.405629281938473585e-01,-9.132281311404165380e-02,-6.783563551468316799e-01,-3.424208219692056465e-01,-6.999020850722614817e-01,-5.127987986735693671e-01,-6.140750041838317630e-01,4.198456217846839311e-01,2.994801261494831612e-01,3.771859968193526647e-01,1.036918041906394888e-01,1.827914958539769014e-02,2.939301451421258982e-01,-6.597646683434132964e-01,-6.767208939492096453e-01,2.750890346966677891e-01
-3.947358706594537581e-01,5.582454204078650672e-01,-2.760426317723711498e-01,3.068801576000883546e-01,-3.327455498895947605e-01,2.425486840463636495e-01,-6.694456847566937485e-01,4.602352438110606792e-01,-4.406646465510288824e-01,2.860694446253134876e-02,-2.955648460687029244e-01,-6.610190469867029961e-01,1.145225984030580069e-01,-1.812961116430092945e-01,2.207730008872075822e-01,2.318951203864458299e-01,-6.275064651168706931e-01,-1.004844545262855419e-04,-3.285072281404793348e-01,-3.022463380746985284e-01,4.657838481280652254e-01,-6.735664598789202762e-01,-7.453450322093625457e-01,-5.137123663222020742e-01,6.930448697306058892e-02,1.824104117572708794e-01
1.496124949195828113e-01,2.830410057894218179e-01,-4.621505020533374086e-01,-4.214896750432330919e-01,-1.267436255653883390e-02,1.808930229347474605e-01,6.564494370697830927e-01,-1.097694108159097959e-01,5.273334045549612492e-01,-4.198144768517791947e-01,-3.358820938515607590e-01,-6.216989752299136862e-01,-3.402505993813289553e-01,1.373410453889138128e-01,-8.207186547299432089e-01,-4.195020708972480028e-01,-4.523723517625496959e-01,-1.006465541800769525e+00,-3.783294758263401891e-01,1.189354788599326640e-01,-1.984319033512484398e-01,2.919532842958103697e-02,1.431839055409013864e-02,-5.772454208728644565e-02,-3.301114605982236050e-01,-2.726171920522088010e-01
2.014213208366916197e-01,1.433068888944575257e-02,-7.314048266822061883e-01,-4.905478506781322801e-01,2.712353187550293754e-01,-2.835434488862835778e-01,-5.421888189051068396e-01,1.574159165120144477e-01,1.896935014758995564e-01,-6.117669282264049518e-02,-5.685185665466309102e-01,1.062176847361041426e-01,-1.839784935286787881e-01,-1.971507969214438549e-01,-4.537847721787191535e-01,4.013954449020780413e-02,4.045490926510297847e-01,4.013403739719409447e-01,3.076303120842285854e-01,-8.241537466680317822e-03,-6.741383321743311674e-01,1.472382487149258845e-01,-4.681843155327851669e-01,1.379595425428060129e-01,-3.314741159221196859e-02,-2.637726051144760331e-01
-8.276035074638697919e-01,-4.156713694624205035e-01,-6.890618253105176283e-01,1.756367510664831599e-01,-4.122184113356490709e-01,-3.835625410683166647e-01,4.472245470146525292e-01,3.539098565594455126e-01,-4.903096706630253321e-01,2.937071041230544799e-02,-5.228964205467836468e-01,3.180731940154232773e-01,-1.544983194730898957e-01,-1.257130589466411152e-01,3.822776101744495558e-01,-5.570796405754517844e-01,8.494037668953050013e-02,-5.031318191911227089e-01,-4.351638705795786155e-01,-3.830912631106931920e-01,1.738445198786078283e-01,4.056009948745693539e-01,7.709319351654453367e-01,-5.405190186799389007e-01,-1.916073762083619902e-01,-2.388529570925929657e-01
4.140743471997682112e-01,-2.803797063758171060e-01,-5.666248994998485111e-01,1.382799480476627207e-01,4.180163437695343098e-02,2.593027220658885024e-01,2.588404448781697620e-01,5.236680396188694298e-01,-4.648622432595914122e-01,-5.934881904665823688e-02,6.990426473445131572e-01,-3.924283236513145812e-01,-4.450658777032780455e-01,-2.452232202586166476e-01,-3.061948718785858503e-01,-1.955201608006079672e-02,-5.878870322519661462e-01,4.004503913778950097e-01,-1.099573826988755887e-01,3.387837678173912237e-01,-6.765780023127877518e-01,-3.707754579827783337e-01,2.362447507538877334e-01,-9.231035002646317822e-02,-4.647775384578839430e-01,1.629420493191967578e-01
-3.024829837251516995e-01,8.150704013050046326e-01,-6.102074107090325050e-01,-8.280870078545167212e-01,-7.294965721672395098e-01,-5.343311479549021081e-01,-3.177108208741210582e-01,4.131534302755022758e-01,-3.073668506399978573e-01,-5.385264736872540370e-01,2.084651216982676691e-01,-6.814240873924719555e-01,-1.342397898366839426e-01,3.125458945807880751e-01,-3.902298088082217786e-01,-3.709638080458018683e-01,-1.348859689879254031e-01,4.329047946165999750e-01,3.766244459587845816e-01,1.857809917603989169e-02,1.934117691168746878e-01,-7.683870649301551004e-02,-2.478474189600557431e-02,4.497706373399849022e-01,5.301306825606164064e-02,-4.951870028579626881e-01
-7.738353801203604228e-03,1.637565164912738180e-01,-4.393830769758174659e-01,-6.261909089210044854e-01,4.711660347266355964e-01,2.536883664021160056e-01,-4.464700398337037024e-01,-3.260230690923335284e-01,-8.696979082772555714e-01,7.918723129985315579e-01,-6.228196302714522625e-01,3.751830477425782129e-01,-4.683557356988416465e-01,-3.478209421434672044e-01,-5.054585346163362747e-01,-2.949834121886751315e-01,-1.305649613136136700e-01,3.125596277837812687e-01,-4.277090818264198818e-02,-4.734571312632290252e-01,-6.201150003725748316e-01,4.266796350088033485e-01,3.421067141456323180e-01,-2.679655228769782238e-01,-1.650443498514364282e-01,6.292782400968744555e-03
5.134412242931752912e-01,-6.198246776926360502e-01,-3.055022361938293258e-03,5.374634581010352408e-01,-5.825886687335937730e-02,7.983082964304821175e-04,4.444390842729459279e-01,2.572195683239492658e-01,-4.703924075015734618e-01,3.748771757538650329e-01,1.029214367964959298e-01,-2.817337162728099642e-01,-6.120557635086343318e-01,-3.573307169615792533e-01,-6.990255210940564679e-01,-4.695883956565334305e-01,-2.099785077498246555e-01,2.415596802439358981e-01,2.290151472434178437e-01,1.413052841013363314e-01,7.686924507106238091e-02,-4.112248199315153840e-01,-7.532782752142576088e-01,-6.191040424830113187e-01,-3.309911755618563656e-01,-2.041542188572669780e-01
-1.378354340007661224e-04,4.334301394889140263e-02,-5.605784519207310246e-02,-6.281390122531109732e-01,4.537727236671375564e-01,4.759889380999264841e-01,-9.118398762045380745e-02,-8.765204478266691579e-02,1.744404942349889534e-02,-5.239969715696971564e-01,7.116463561393882031e-01,3.303404311865120180e-01,2.930523219712641292e-01,-5.759831766754291982e-01,-4.076862014996838757e-01,-7.061713028625579147e-01,-7.377407166848014564e-01,-2.719981697977126855e-01,5.046075839135631957e-01,1.562320458720055545e-02,-6.822734535001645506e-01,5.401876706230992475e-01,-3.486780529766936865e-01,-3.277016560372755238e-01,2.203849975867407107e-02,-1.340879474081008160e-01
-5.300199694921690907e-02,-1.825630463827094263e-01,-1.099979115199034435e-01,-4.316344628209270451e-01,4.360667627510318445e-01,-1.475429793460134031e-01,-4.003835670903558852e-01,-7.269729807576427727e-02,4.215236080282462883e-01,-2.211553362114996868e-01,5.504726505316361873e-01,-5.196447826328182140e-01,3.162174989246762102e-01,-6.598391681136092091e-01,-5.615446716144993911e-01,-1.962139041780747162e-02,-3.536218112658134904e-01,-8.302040428689951845e-01,1.862577900741244075e-01,1.776625103186000587e-01,-3.461275533188414855e-01,-6.472403346720504436e-01,-2.563980575687573038e-02,-4.855289972937813087e-02,2.362982675187499937e-01,4.728161162783452443e-01
-6.557828122820641426e-02,4.443281395790281141e-01,2.801244280180835156e-01,-5.294062853558486603e-01,-9.972821340457453665e-02,-6.098806129121160380e-01,-1.243619475444470435e-01,-6.918720581872839226e-01,-2.756818214000488210e-01,2.312230262512487977e-01,1.117628364290421533e-01,-4.421107152327553580e-01,-2.069834322335894483e-01,-4.127692647917123869e-01,3.190089472482249278e-01,-9.239332628774825362e-02,2.423457070888537443e-02,-1.479381953374570291e-01,-4.620316911544643523e-01,-1.811638684976751845e-01,1.401215985082469306e-01,4.409644014925556132e-01,6.420361268507238095e-02,-3.607185656942463181e-01,4.176326835824909628e-02,-4.177703756737089491e-01
-4.546736642718175458e-01,2.329886498345634105e-01,1.672290593215670917e-01,4.735703512879377852e-01,2.083377565622976726e-02,2.724308046317422960e-01,-2.904004281388082864e-01,-9.389838120134613719e-01,1.769807718774014105e-01,-8.217470172682243001e-01,4.621808410993951122e-01,1.798353764881466810e-01,-5.408488095953709607e-01,-7.476512562584709809e-02,3.127898511249667113e-01,1.571844647250758009e-01,-2.914330596544160712e-01,2.413483022039961956e-01,1.621335692261192951e-01,1.831200869090786054e-01,-6.408298424662687287e-01,6.632992518549674088e-02,-2.532818217510033887e-01,-8.946655974770932884e-01,2.939137811501910669e-01,-6.844455093388996936e-01
2.139687120592450448e-02,-4.541324155894861381e-01,2.240623537508707255e-02,8.071830723951591013e-02,4.255944762707165041e-01,7.969855708720264831e-01,-4.782506902561234688e-03,2.780674304965744525e-01,-3.772995864419517176e-01,6.228108423600009491e-02,-9.355230935550752636e-02,4.055506053384587140e-01,-2.062219950577159067e-01,-4.333271865904917419e-01,-3.510089359416564414e-01,-1.538447343008907398e-01,-8.515215137001482804e-01,-1.491740461743827351e-01,5.059679608742588541e-02,-2.542306278478692616e-01,-2.261278816028727823e-01,2.984155596944585986e-01,2.829823317509004843e-01,-2.392332797626374741e-01,-3.084462953697368892e-01,-6.820323615735213174e-01
3.588935926166548773e-01,-3.841475904664813923e-01,-6.695640362348888042e-01,-5.072324218504095095e-01,-8.289698619255521095e-01,-5.397198147685354774e-01,3.195663994378213774e-02,7.031293316688155270e-01,-3.323475845727867362e-01,-4.957846413819708142e-01,7.104573463204214567e-01,-5.536649257559866921e-02,6.166971161725242068e-01,4.863324671424043566e-01,-1.924715090793491234e-01,-5.692739111857118839e-02,-1.316521341844561765e-01,-4.480073182685992417e-01,-3.816038418280388589e-01,-2.514985485887817340e-01,6.730393967464571858e-01,-2.865311149579220507e-01,2.737297327969105409e-01,-8.349993150258007146e-01,-4.809933251204833726e-01,-5.360077567304712964e-01
1.012613136765868338e-01,5.017061914089375463e-02,-2.810848021914728601e-01,-4.333365633747993800e-02,-4.222844951040976569e-01,-2.100785667455895289e-01,-3.894932363738616288e-01,-7.515854817002751709e-01,7.459754372623420005e-02,-8.249846182972846165e-02,-6.989851448381587673e-01,-2.540608628717933026e-01,-2.451312535026649031e-01,-5.100818046902360070e-01,-1.602291893431229686e-01,4.517330120055619846e-01,-8.766242403363951052e-02,-4.201638884081791425e-01,5.122709198485887738e-02,-3.256801750778897525e-02,-7.706738254370811836e-01,1.207955500946716054e-01,-1.954833325160799246e-02,4.812510033488437422e-01,1.897707024917112684e-01,3.425775425222206232e-03
2.704661088091963456e-02,-4.492201841095599946e-01,3.654998758432055905e-01,-1.195343091112482103e-01,-8.335183145966054141e-01,-4.405824071113478846e-01,3.758201811965100614e-01,-6.899115051416285782e-01,4.509030585952923942e-01,3.613354298816223165e-01,-1.367628112131157904e-02,9.028818447501562039e-01,1.448785638627838601e-01,-7.535033088999245621e-01,-2.076958516205514305e-01,-4.595782149364864289e-01,-3.214190340895604209e-02,-3.586347844402513196e-01,-6.831115413198941555e-01,-5.851822802863059225e-01,-1.056757279007102396e-01,1.309805885841851814e-01,3.575591986169177061e-01,-4.107714196862909950e-01,-5.079457506764298858e-01,6.078880982333006999e-01
-2.289594958043032064e-02,-3.057869508457660146e-01,-7.766884477600622949e-01,4.569761078449456337e-01,-7.347480017835106292e-01,-5.533748567630625281e-01,-6.893338403631894540e-01,2.927970481288669907e-02,-5.394596415238352982e-01,-3.741168247418404924e-01,2.936421384140573965e-01,2.523703804915604643e-01,1.705829608025566380e-01,2.686432862341637806e-01,-8.965483532110548603e-01,-2.255739157905801706e-01,4.624009541153138447e-01,-4.640435293279127765e-02,-5.050020528092591388e-01,-6.187406704077845487e-02,1.027240418375033049e-01,2.074235867636566311e-01,-6.617636024906728975e-01,4.914810892624265071e-01,1.617723277999570386e-01,-1.270141272669347843e-01
-7.132373624586165750e-01,-9.268447810765625960e-02,6.839741365111754456e-01,6.037443105948607780e-01,-6.878346756559017283e-01,-5.984294620887569138e-01,3.699991119360675484e-01,-8.952468150156035476e-01,1.687890155814379678e-01,1.641194629387432158e-01,-4.016480650516648376e-01,-4.200084539957837371e-01,2.971900024551880071e-01,-4.362832631916711001e-01,4.514550786430197582e-01,-5.741352284905792275e-02,4.725264460304949843e-01,-5.626408001980166551e-01,-5.809268388597899069e-01,-2.799341175059551490e-01,1.352447716517229392e-01,-5.503958282046422790e-01,4.048366985713717225e-01,-2.319247190682491855e-01,-3.792184720267761655e-01,-4.116495338022870820e-01
1.099575159403070289e-02,-1.906420368156332146e-01,2.018516318990004055e-01,2.264652707208941462e-01,-3.750775915101461355e-01,-6.844729041655459589e-01,-7.853501875983472935e-01,3.177248383274294263e-01,1.913568958598495240e-02,-4.126669630334783290e-01,-1.449222128765099427e-01,-1.460198603891261770e-01,-3.917849857962694138e-01,-2.517786813844367227e-02,-5.830593515294966167e-01,-4.866512392652825869e-01,3.693927918448409731e-01,-2.386974035191527788e-01,-4.666272074650602564e-01,-6.679153939095020531e-01,2.796556689207567795e-02,-2.337682320029400296e-01,1.502361843809175423e-01,-1.699806742408204452e-01,3.281445894827095811e-01,3.814042989442515408e-01
-6.731799983884324545e-01,-5.708837648448907842e-01,2.689906350690605130e-01,-4.663561627190790926e-01,-2.381244503255797174e-02,6.858894446619886454e-01,6.019677682927897511e-01,-6.444216017375553607e-01,-5.803720915010266435e-01,-5.462782616921041390e-01,2.133546769825914735e-01,1.365070944929634433e-01,-3.538867240804414727e-01,3.380212896145702306e-01,-6.105371226752795422e-02,-3.485803401632348031e-01,2.443423437174447876e-01,1.713170358311592867e-01,4.742080237628117367e-01,1.156202055589752309e-01,-3.066590130025747749e-02,-3.324766526254712695e-01,-7.068184168128466283e-02,-7.975723452721128481e-02,4.455167720231426043e-01,-2.627935492218666513e-01
-3.645136262444292341e-01,3.616746131914653217e-01,-1.410872018539830464e-01,3.465427906709410144e-01,-4.984762012492050531e-01,3.755442431275643478e-02,-4.193311936897172604e-02,-3.346031506814035050e-01,7.309139969260984859e-01,4.881061133119165563e-01,-3.877978135301002327e-01,-5.429944370361794448e-01,9.793093586778012227e-02,-4.737415977872098671e-01,5.463285338606643782e-01,3.361624037084426919e-01,-6.692295091731597090e-01,-1.187433078773724032e-01,3.714640706690729433e-01,-8.195456498677821111e-01,-2.947171378075263970e-01,-2.092474666664928817e-01,-1.916006728011035443e-01,-2.893657728013945829e-01,-1.850110456477093712e-01,-3.239988761930370775e-01
-2.551785961906594298e-03,4.063584125448333473e-01,5.077699538908168053e-01,-3.774608752142852297e-01,6.295370099996729918e-01,5.560581363885183093e-01,-1.586506240260515954e-01,-2.038234587441623558e-01,2.953215318559071489e-01,-2.945799616059661674e-01,2.176843832309672544e-01,4.361354641177175862e-01,1.078884321389363826e-01,-4.412387075877990950e-01,-3.665241797158777515e-01,4.340017995164833220e-01,-4.528269902795575286e-01,-7.931132980969589630e-01,-8.728888372141244134e-02,-2.086299464651657498e-01,-4.076525481306217391e-01,4.733874609148984620e-03,-7.893027114058356886e-03,-4.623413885199740281e-01,1.048236948678381991e-01,-3.976445746236237366e-01
1.768755048142052755e-01,1.525553618108015652e-01,-3.955991986699220475e-01,2.372778619769047234e-02,-5.033458580039185115e-01,-5.550611747759971459e-01,-3.006484686432063236e-01,-9.824778032657173477e-02,-5.894970312395735046e-02,2.820213555333518363e-01,-8.791289674285041045e-01,-3.458383315186969731e-01,3.441035268458697005e-01,2.947723165857503158e-01,-1.460285738036740943e-01,2.437863643441435801e-01,-2.042611333876870605e-01,9.039399360082836510e-02,-4.386369059138081616e-01,-4.826148066844631046e-01,1.149165525549283168e-01,3.754438706751655475e-01,-9.330747574453478188e-02,-7.379669077852150927e-02,-2.081140568480543129e-01,-6.616367037329560219e-01
-3.396084093321722897e-01,-9.489824728625501082e-01,3.313503520528350288e-01,-4.538721324418587000e-01,-6.988877466682758000e-01,1.734427979249640317e-01,1.993819268547098178e-01,-4.525766621237473086e-01,-3.271610133760486927e-01,2.155355748324353782e-01,-2.046145002323663253e-01,-3.417702409832933386e-01,1.802695927317823632e-01,-1.528835492935518292e-01,2.901001261681712129e-01,6.024977685749333123e-01,-5.259687948962669252e-02,1.677811294915307061e-01,-2.558720367879874780e-01,1.314335765945407464e-01,3.926296870034960418e-01,1.631028108672593901e-01,-3.939963478600151947e-01,-1.776479499709829601e-01,-4.790479452797150040e-01,-3.946102710315265716e-01
-3.494877024289613221e-01,7.375719417235639952e-01,-6.868205177728700095e-01,-7.721200889946984447e-02,-3.539532833460029559e-01,8.720197428208836810e-02,-2.287654954251773787e-01,2.203556042982652008e-01,6.682014948117255722e-03,-5.956253480148234747e-01,-7.914107184931926664e-01,2.481364510282004499e-01,-5.334762927439837821e-01,3.265356087482424452e-01,2.867542595925007820e-01,-6.067844809125601258e-02,4.097025487522922282e-01,6.741106357693092965e-01,4.538090774920032766e-01,-4.935834348142977279e-01,-6.406592713973520148e-01,-6.009898385980940727e-01,3.945552281692553676e-01,2.123251912262101304e-01,-1.878564249864943525e-01,-3.468340567732474677e-01
-6.558564082448087307e-01,-1.288846167144304944e-01,3.333220384063326214e-01,2.160541660423805910e-01,3.806740451599135988e-01,-3.623539764415021139e-03,4.145139751045842647e-01,-4.636275652511250706e-02,-9.261123226509464235e-02,-3.014630983011337695e-01,1.213962922470313011e-01,-3.470949576005213921e-01,-6.230585626524735021e-01,-4.312723945931529190e-01,2.258386340456867425e-01,-2.079357251143334195e-01,-1.257007829638228658e-01,-3.182586132432508874e-01,-1.834198616137674709e-01,3.980508076614532875e-01,3.019400607798874980e-01,-4.026810937912158606e-01,-4.889074193398597612e-01,-6.928613395968546973e-01,-2.774703872427667917e-01,5.215996022092954654e-01
-1.005470661290251283e-01,-2.117100885145099809e-01,1.656789392120218973e-01,-7.298984020749741397e-01,6.698071345813247923e-01,7.024320314444517654e-01,1.591159869225799439e-01,5.356856018325751867e-01,-1.207316905334134827e-01,-4.853663730486243999e-01,2.422957684237892206e-01,4.025020435039244338e-01,-2.784619495898983943e-01,1.409671945598646725e-01,-2.748670795016823765e-01,-5.243825416646459292e-01,5.278868779406202805e-01,-5.292685780393917572e-01,-3.263436942748794145e-01,-6.876381341913496703e-01,2.838573180957557757e-02,-2.842626593597635809e-01,3.785310644356312815e-01,-1.753432192959122338e-01,-2.677416146032036148e-01,-5.272246558699097418e-01
3.620775386515381333e-01,-1.727203972700255552e-01,-3.692999115667610494e-02,-1.293752789703463690e-01,-1.632417294520233930e-01,-2.271274249979634841e-01,-3.161768662707474253e-01,4.668994913251777734e-01,3.139057141683606611e-01,2.570126464483562523e-01,2.145612816698563852e-01,1.239214557603181971e-01,4.877931530073978950e-01,-5.292385803821840762e-01,-3.522842639062288006e-01,-4.998896920645720110e-01,-4.091038680108126657e-01,-7.134979692802789764e-01,-5.304636109153338941e-01,-2.802429212896795363e-01,-3.289845984340313279e-01,-4.951509930573963492e-01,4.462361005154808491e-01,3.562326601240856649e-01,-8.737395511998687081e-02,1.463489632950194241e-01
-5.131316856525665049e-01,-3.195004988396453749e-01,-3.458908119154774918e-01,-5.560639605142071451e-01,2.807171519612632893e-01,1.396111072315231461e-01,-5.193588596947603664e-01,-5.529063474417978963e-01,-1.770979493831547485e-02,3.185200742865822443e-01,-5.617734515679019269e-01,1.954642264021625997e-01,-7.367539786332912843e-01,-7.883828668310451093e-02,-3.057637017374960631e-01,-7.457400537953037256e-01,-1.505674906677721969e-01,3.273008007524672719e-02,1.465326906278379970e-01,1.392790546254635276e-01,1.366078464617368447e-02,-2.043895155418328780e-01,-3.742664098747088275e-01,1.347071977523142394e-01,2.412422454100985603e-01,1.915239342715499005e-01
1.225059566694137458e-01,-7.536319422117995770e-02,1.806286351478416929e-01,-6.951240707022062759e-01,2.197860681257646220e-01,-3.068295678433475282e-01,2.091166714904803547e-01,5.693305593809389054e-02,-2.884430624035173030e-01,1.327799578112088541e-01,-3.837800613125702531e-01,5.296005129648590631e-02,-1.042214280834855789e+00,-4.869177094783622151e-01,-2.228670216757007161e-01,1.457793045083629301e-02,3.242679291473384295e-01,-2.055373926494824532e-01,-2.165901848825603493e-01,3.570570924323623885e-01,-1.985961717115009295e-01,-6.327930961467209681e-01,6.401875613737842419e-02,-1.860895731476137072e-01,-2.744136597553407664e-01,3.762882812459349968e-01
-4.667095586190091877e-02,2.212774935898223772e-01,-2.129973361733988185e-02,7.706904277281764054e-03,2.151875676652336422e-01,2.209666208020188982e-02,-9.678658309151090267e-01,-5.919250245354051865e-02,-3.081098005568276288e-01,-4.409476572320176757e-01,-1.659856817239905302e-01,1.767664088486037566e-01,-4.344221261008862633e-01,3.511883091337337226e-01,-3.460681033123669259e-02,2.764752554110126992e-01,-2.978934791923766312e-01,1.662809523470375750e-01,-2.289082909340040273e-01,-2.731647398006791794e-01,-1.622454474756655218e-01,2.140805542938021278e-01,-9.226038840733793434e-01,4.779684730439433538e-01,2.168426219025849921e-01,1.707552396700113551e-01
-1.813974892161978880e-01,3.725002674590198182e-01,5.054582927700881911e-02,1.085032143081065131e-01,1.763871577998626927e-01,-4.604238752718754490e-01,-2.664089222834774007e-01,-3.435638420109485835e-01,-5.291640972881483940e-01,-2.339046731336029764e-02,-8.724657906518105965e-02,-1.849892116994232005e-01,-2.468473287435868913e-01,-2.114463349415361404e-01,-2.664851707048398466e-01,-1.278403110462706382e-01,-4.280382044408851394e-01,2.213945747745929837e-01,-1.415298356203509855e-01,-3.450477031472607425e-01,-2.646598361781627995e-01,-7.656458483519926195e-02,-5.090924846671349702e-01,1.464908652485657214e-01,1.324512293760723297e-02,1.399196958932248935e-01
2.605563227023059980e-01,-4.829789182971629402e-01,1.292126743838291070e-01,-4.383606040877079946e-01,-1.900864540001702963e-01,2.566887837057421073e-01,-7.178495522024887221e-02,3.247278767531902033e-01,1.793054750242846496e-01,1.460600396625310049e-01,4.886385074673180173e-02,1.431345540428816676e-01,-1.810981003936800726e-01,-3.298401461805364754e-01,1.433573310961118730e-01,-1.591134927081045702e-01,-8.478400906820525718e-01,-5.866199359228945198e-01,-1.658402321437697780e-02,-9.288579363201910910e-01,-1.517802139001057093e-01,-1.886359384040869336e-01,-3.367595611978798642e-01,-3.609951617762525711e-01,-4.914717074047079276e-02,-1.595720123424213899e-03
2.113556873796282876e-01,3.189152273651487124e-01,-1.547120077959991402e-01,1.849944240566365472e-01,-1.137883000969854147e-01,3.996551017010753215e-01,6.475500549781283421e-01,4.013680167793273051e-02,-8.885660599837988949e-01,-2.954180968625691461e-01,-2.052341936592360638e-01,-4.154819287981701970e-01,-4.692511636881862014e-01,4.811135174400115178e-01,-4.389605625994564275e-01,-8.836743655726013724e-01,2.640989029196382787e-01,-4.274521595697551302e-01,5.374099918986925406e-01,3.082490978844610319e-01,-3.716471924985568220e-01,4.253130015447771362e-01,-5.697018744809443369e-01,4.665598129889459399e-03,-7.326281156130503014e-01,-6.443344550077676480e-01
-6.361787446927232859e-01,-1.039946267655765810e+00,1.404543776668900623e-01,-4.132175546734419558e-01,-4.778416152104189574e-01,-4.395384439895215767e-01,2.405135504093694476e-01,6.239005940848558508e-03,-3.259763668186953511e-01,-4.084655758989055863e-01,4.209878727392066811e-01,-4.861606235178254076e-01,4.434068904662978317e-01,2.290595106624220556e-01,2.192198472850440116e-01,-6.372502459476578895e-01,-3.178644394379749882e-01,-2.325163105484274739e-01,-7.877517922243600090e-02,-3.791603690360899059e-01,6.875030931773256082e-01,3.825794378881743341e-01,-3.989154749123776655e-01,-1.708760279101878554e-01,4.587901849267994048e-01,-6.328215366736107406e-01
-1.336817191238953428e-01,-1.617533108465617486e-01,2.879354586738462896e-01,2.743632038278653873e-01,-5.623464749461275503e-01,-7.021588867679564583e-01,-6.010305039993359966e-01,-4.021151191182841256e-01,-3.469862614874456574e-01,-5.421610928959742504e-01,-4.932522624740396378e-01,4.472717952261407448e-01,1.545585635566644189e-01,9.643163321753737971e-02,3.008731523109761663e-01,-3.211500383642644230e-01,2.674581339662249757e-01,1.291944786294058067e-01,-6.132798932076171106e-01,3.751933652661242347e-01,-3.525732736240333454e-01,5.571122612895629961e-02,-7.049848782360432220e-02,4.512951625764746039e-02,2.546267900047214372e-01,-4.712236595093668989e-01
2.536143156160047818e-01,4.245008345985150089e-01,2.680272174177120159e-01,6.648492613056692369e-01,-1.075484519593486316e-01,3.484292959750710517e-01,-1.273907200211518709e-01,1.496634503170513331e-01,-6.034470537132341494e-01,9.017012664514474363e-01,-3.721627617818770162e-01,-1.940259494645897309e-01,-5.262320558337729715e-01,-3.825325012260478164e-01,5.965691255930062331e-01,1.925209740556223514e-01,-9.013505107644040892e-01,2.912928776382491813e-01,-6.341616781635246447e-01,-2.681516574228085537e-01,-8.250174734521522613e-01,-4.446672484237438328e-01,-2.497511816234422033e-01,-5.332494557001892233e-01,-6.666477920512147159e-01,4.671103434112753305e-01
-9.887213127450227013e-02,-6.180171151493977361e-02,2.333514937855389604e-02,-3.034206239150349371e-01,-1.546037375216802456e-01,-1.803836898102838260e-01,-3.196159867934791343e-01,3.746066673880547038e-01,-4.940400417004149336e-01,-4.890872226228148989e-01,-6.917024516717795724e-01,-8.551132127330028920e-01,3.130353726697184813e-01,-3.823987309386736033e-01,7.212764528913209183e-01,6.216020201829283165e-01,-6.235694535320872589e-01,-5.565689476869489782e-01,-8.761945055683754147e-01,1.911504582826265008e-01,9.608670970615404427e-02,-6.343215302611877882e-02,-2.833133403036048326e-01,-4.349801567611905756e-02,-1.112271208012951401e-01,1.190209735032816962e-01
1.355369487698489250e-01,-5.090417379308495027e-01,-5.926505130486864337e-01,-5.039943578748682373e-01,-1.165004274691529229e+00,2.343967053601253570e-02,-2.643154944142460105e-01,-3.433864863186691929e-02,3.676521002234503510e-01,-3.698895950350886697e-01,-2.408667199996167574e-01,-8.052083272456416196e-01,-2.341315052508743666e-01,2.309597494125196770e-01,3.809814684174408494e-01,2.184004404308434177e-01,-8.400444206899542188e-01,-5.371372380050999651e-02,8.973617065159328332e-02,-9.477699473730887003e-02,-6.529102753973415885e-01,-9.101873096797002960e-01,-1.931979392623922875e-01,3.335500757709820019e-01,7.619089306159697317e-02,-2.401913601119715636e-01
8.529984991870755151e-02,-7.081124556035531814e-01,1.373713709875045708e-01,-3.585184330355592475e-01,-4.776383907599150991e-01,-3.591520652714230710e-01,3.566154014355515933e-01,-6.889331371365938761e-01,-3.321019221922409947e-01,3.478384188348251360e-01,-3.489669094295640428e-01,-5.340574672909191856e-01,-3.663295174257782949e-02,2.975338209793915722e-01,3.335063303076221120e-01,-4.709569836436681145e-01,2.169278814571980740e-01,-1.878945833769933016e-01,-3.668363597512657170e-01,2.856614200425898753e-01,5.198200504533838640e-01,4.970560130067141480e-01,2.253812965129517454e-01,-6.272358349116737841e-01,-3.073270594929342070e-01,-9.114935502096742637e-01
-5.061890029866938923e-01,-5.774557540984043280e-01,1.351997533627748681e-02,-4.713701959620213988e-01,-1.322364675291904379e-01,4.679750232627780115e-01,-4.688929993457824907e-01,-2.274465873867823063e-01,4.099715949057194941e-01,-4.439934391930583923e-01,2.853901837862713453e-01,3.706239460785434314e-01,1.192034929636175966e-01,-2.282924993499798813e-02,-6.273853051187593399e-01,-9.072744777027251517e-02,-7.326107336634227751e-01,-1.699088489681772618e-01,-8.452947950350132578e-01,1.029054047519556980e-01,-3.439319611583955272e-01,5.206207971530375511e-01,3.879667386463250128e-02,3.211918156692674109e-01,2.790150895980457735e-01,8.238226344397599210e-02
