-1.872521229290904643e-01,-2.845488280079036536e-02,-1.771478617482816764e-01,1.172312253760446343e-01,1.198613243958351893e-02,-1.909476589999887230e-01,-1.863005168958427049e-01,4.568060214856820012e-02,1.241107182969551914e-01,-2.521870900296224738e-02,2.212931993685976484e-02,1.215635815479778059e-01,4.480389140638571521e-02,-1.115938772614361307e-01,4.583608775027539495e-02,5.200993522273894554e-02,9.491690251537865386e-02,4.900752396948038214e-02,1.902506682421825079e-01,-1.227321628070416060e-01,1.828912999386592131e-01,1.554445601897544438e-02,6.971831494663532913e-02,-1.623952620515851375e-01,-4.841958017459069286e-02,1.092177349359092497e-01
8.389050414298093727e-02,-1.864470025621736138e-01,1.889129127844976774e-02,-1.669294887080556289e-01,2.010412341092290833e-01,1.610808931095286667e-01,-1.941742193921001669e-01,1.454117557270460104e-01,1.700545552226891410e-01,-5.937776408814951501e-02,8.899528376179538514e-02,-2.347359765402406984e-02,6.293783530203445054e-02,-6.474209915733908360e-02,-7.194201375518327612e-02,-3.063770750353422834e-02,-1.437018681530476405e-01,1.342577854280916361e-01,-6.134429252079140471e-02,-4.048360720541002711e-02,1.597664585601431542e-01,-1.368849020365076052e-03,1.794241241320837510e-02,1.850837076486948063e-01,1.567952833825860814e-01,-1.340122197656880010e-01
-1.085976327818902187e-02,1.910834863032799258e-01,-5.174811781825550128e-02,-5.206971058035494981e-02,-1.236476829971374369e-01,-1.563697726646520181e-01,9.742975759337046959e-02,1.094818086050083350e-01,1.901577542357345552e-01,1.108553430263206629e-01,-1.040557877127014641e-01,-1.864562506540222986e-01,1.968169112946346888e-01,-6.468805723129517071e-02,-7.623471418872898586e-02,1.645914655101967106e-01,3.450310940691070360e-02,-1.156033232935851640e-01,1.577561249988970737e-01,2.000294224797726228e-01,-1.675780473145446481e-01,1.468721793780406459e-01,-4.438958125358663520e-02,9.759991136461365624e-03,1.681839959889916969e-01,1.919280100451608573e-01
-9.642884140148590133e-02,-1.164224803445888384e-01,-1.700763845876197000e-01,2.505547136917848916e-02,-1.972054144099190942e-01,-3.572016804335592655e-02,-1.729682197025342871e-01,-3.842548858991740035e-02,-1.865310097869888606e-01,1.359112997268160372e-01,-1.176841267725304840e-01,-6.961093317406283343e-02,1.500331578652710496e-01,9.984670960403474460e-02,-1.139137685608919148e-01,-1.735701387166077025e-01,8.744329953704571556e-02,-4.431382311826062570e-02,1.078801206292105963e-01,-2.217982025995346440e-02,-6.243715544277636531e-02,-1.978339772077694625e-02,1.007763584128431034e-01,1.630771691795294687e-01,-1.825434805480122546e-01,9.775841794724265954e-03
-1.894083374591887803e-01,-1.280811073661208832e-02,1.562100053257660104e-01,-5.611717830846674193e-02,1.753337482972726069e-01,5.295421573796782466e-02,1.760249962996882078e-01,1.042662607608592085e-01,-1.607842085125166520e-01,-1.090026420416901620e-01,-4.290778774617051705e-02,-1.337526664207152327e-01,-2.063051309087932106e-03,-1.160856444301019974e-02,1.849868366074047255e-01,-2.686952800371344985e-02,1.158052247581168315e-01,1.791692838390164799e-01,1.528472665969487498e-01,-1.181185053932589657e-01,-1.609649309447236387e-03,-6.173275220753168813e-02,-4.060153369048902228e-02,-5.643481819428011748e-02,1.323198702601104948e-01,-1.940485765156779729e-02
9.606687572371208628e-03,1.956046273600505758e-01,-1.784030718304430718e-01,-4.882483750525024035e-03,1.111162436228740336e-01,-1.414337423159388596e-01,4.521964041222092945e-02,-1.056320321148669222e-01,1.489612153701342923e-01,-7.010113129616660221e-02,-6.930518638702337642e-02,3.981196442673537450e-02,-1.282970225372460915e-01,-8.721527232695441834e-02,-3.380098502539458094e-02,-5.934141999518915966e-02,1.008627964617883621e-02,4.039834184190621569e-02,2.702981425302311558e-02,6.250637458662139379e-02,-7.794650258607928317e-02,-1.514626571406398614e-01,1.057424425880708063e-01,1.422212496916953617e-01,-9.851998296325627236e-02,-3.766886278680253719e-02
-5.801001468633826263e-04,1.351211601132068507e-02,6.466408205475321358e-02,-1.858534976155656604e-01,8.979620595735043898e-02,-1.775955380440200349e-01,-1.285716008761739193e-02,1.328517804760258603e-01,-1.977938178677804415e-02,-1.422739039325095489e-01,1.966532993156098752e-01,1.578328425546571268e-01,1.100020579437063772e-01,-3.587695048539613074e-02,-1.281823558089726089e-01,1.789668207167747216e-01,1.311651925257695250e-02,1.428598530401898881e-01,-6.402138410658694823e-02,-6.678110448509155805e-02,1.968587109105008892e-01,8.852044171427181363e-03,-1.456773193963666890e-01,-1.136557789145088843e-01,-7.320555184965854556e-03,-1.855017044928388148e-01
-1.519031189972641638e-02,-3.286482172082669240e-02,1.132547733713360483e-01,-5.881268197909159112e-02,1.956457410436125421e-01,-1.294294187027184295e-01,3.688986238177643928e-02,-1.663533128370648928e-01,9.481838126769165376e-02,2.005941360746841817e-01,1.293923438521626945e-01,2.258457874434321999e-02,-6.186501089200102665e-03,1.358353606270442659e-01,1.767623910315241353e-01,1.983450811432342920e-01,-4.194738667965677847e-02,1.990387724568836725e-01,-1.395020953992845703e-01,-9.992137699064254641e-02,-1.666302998620670106e-01,-9.254688987621230434e-02,1.086332512230790970e-01,1.430905083412960521e-01,1.130749109139060349e-01,5.313962720215659186e-02
5.662616734461667356e-03,8.461757355237453648e-02,-4.426071073640650000e-02,1.383808864009552497e-01,7.184038174933893295e-02,8.019841703742741634e-02,1.456997627233233561e-02,1.561881743246128496e-01,-1.005437482472492511e-01,-4.818778388065833584e-02,1.125680772996589529e-01,-2.939905152038235769e-03,1.578038742405630246e-01,-6.227623259029674285e-02,-5.297909349463000850e-02,1.576099819261037593e-01,-1.444578386004038983e-02,6.537590554062083781e-03,-6.780468514340290409e-02,-9.054748067382768772e-02,6.322822381602871689e-02,-1.541327248465378663e-01,1.537732201509527941e-01,1.132007974071402856e-01,-1.253837745293580053e-01,7.866391772922126657e-02
4.161174070022141680e-02,-1.279028746752881585e-01,-9.195292095108648089e-02,-3.690073281952210849e-02,8.078145814795162361e-02,5.624435555798623643e-02,1.306937487729517566e-02,1.088250220431958293e-01,1.045789031710558925e-01,4.778510147184594770e-02,1.163579559438669975e-01,-6.719665957888518171e-02,1.545747340708548689e-01,4.658942407887806114e-02,1.306998454291549705e-01,1.876351256739694495e-02,-1.141570813133444828e-01,1.719486550239907041e-02,-5.225679985552791895e-02,8.007448850887910474e-02,-9.814223828496948521e-03,1.362743913890001046e-01,7.219815158485326512e-02,7.482214282488380830e-02,-1.146772280646147918e-01,1.963354006196326718e-01
1.385296261063269085e-01,1.171748418226138955e-01,-6.883795118550603553e-02,1.444658380981744816e-02,-1.471337641921106887e-01,1.559979336085004498e-02,-1.435715233466700047e-01,2.150379219209644366e-02,6.029816004391108653e-02,-4.451921353694537897e-02,-5.899680609985080704e-04,1.523058212244662868e-01,-1.587051086444775105e-01,1.182808921850899142e-01,-1.334900739358751420e-01,-1.878382398798059960e-01,-1.274813961859669886e-01,1.074597542119773985e-01,-3.846591508908916990e-02,1.510356224721963181e-01,1.001748546312097865e-02,-1.936999768323468818e-01,8.786489184953738540e-02,-1.580281154682644240e-01,1.173267809266589912e-01,-1.345653077352729765e-01
-6.266259244676875007e-02,1.059305225434360453e-01,1.841646640127741485e-01,-5.212613108469360546e-02,1.335528247448653505e-01,-1.253659343449205765e-01,1.245437115683927232e-01,6.385477362918740019e-02,-1.245748181595208309e-01,-8.007327364585084539e-02,-1.492957046338866944e-01,-4.745013907779419005e-02,-1.201534141994890503e-01,5.838287980868817062e-02,2.004933496386989700e-01,-1.978521892922462666e-01,1.659062841321337634e-02,2.986756410202670575e-02,1.679378169893614992e-01,2.434817503092989721e-03,1.771840964591539502e-02,-1.149315702919445625e-02,-9.369599963701835676e-02,-1.800046257504759328e-01,-3.703405101627485485e-02,-1.813983997784369417e-01
2.047178936748922373e-02,-7.813133298982134767e-02,1.362383922883167453e-02,-1.482715263313982568e-01,1.754065433194645918e-01,1.599556505036028864e-01,-1.256885676998024670e-01,-6.347432974821501372e-02,4.601478487112858895e-02,-1.639259653955160712e-01,-5.896437557633840698e-02,-1.009096384924608042e-01,1.684681109664906140e-01,1.429227679344013402e-01,3.236758037646900177e-02,8.249268202578208253e-03,1.746345115290853789e-01,1.753245698503239081e-01,1.902863451054198629e-01,-1.518872944474939646e-01,-1.376242650438465609e-01,7.165655605975590481e-02,1.679929475981484233e-02,-1.952343522224480876e-01,-1.775939045123828275e-01,1.573442520695012004e-01
1.495558706075506006e-01,-5.786842379506090817e-02,1.585485112236846850e-01,3.797984951700897338e-02,1.240271279724907694e-01,-2.942252263647338051e-02,-1.567447204588845733e-01,-2.686986056784862464e-02,-1.731247353522280541e-02,2.065493759431458187e-02,-1.599135021464395401e-01,1.992351640066605811e-01,-1.037377883621393992e-01,-1.222196451352026009e-01,1.086704047269881901e-02,1.508577455959189684e-02,-2.439922611034733846e-02,1.102366116991421174e-01,6.752400652296292050e-03,4.447519156920598515e-02,9.071627754109079511e-02,-1.925749756048769357e-01,2.864214882729798628e-02,1.557687388700609854e-01,-1.956710793849885943e-01,-3.844319796173586989e-02
1.728106918823910099e-01,-5.953743553866205906e-02,-1.673308568303613630e-02,1.952373111159602104e-01,-1.219068643800079871e-01,-1.762639912640693030e-01,1.457251675717012862e-01,1.493914822211507842e-01,-1.132083047553897326e-02,5.760191301447309398e-03,1.361501495132432238e-01,9.672214190943873025e-02,-9.521855853382842072e-02,-1.958719306388060633e-01,-8.230415370910487693e-03,1.455182845866780927e-01,1.604881720237309461e-01,1.849734566216444387e-01,1.538910402727691751e-01,3.245305332894676820e-02,-2.245924029012461021e-02,1.114357888502718885e-01,9.723386549381290989e-02,1.546496486784365576e-02,-1.673149916427407180e-01,1.727514553576288692e-01
-1.800061494972979292e-02,-5.541028315420559736e-02,5.253211916243760715e-02,7.048128488717075868e-02,-1.172993930911432059e-01,1.366093030036986122e-01,-8.516841457653692715e-02,-1.270316295078472435e-01,-3.794947082994482024e-02,9.347883877753593307e-02,1.887164935521077336e-01,1.253957464646583975e-01,1.785359149855932914e-01,-1.457136550591913993e-01,-1.738631194396407231e-01,2.339595871918831449e-02,-8.502229743095879311e-02,1.330074044431024394e-01,6.973118000274947104e-02,1.908531692823384196e-01,-9.941758242098533427e-02,-5.763723178333290953e-03,5.029421780231857486e-04,-1.057487933212967607e-01,3.652768654867438736e-02,-2.299426745119598214e-02
-2.160134164836396975e-02,-5.565238658963980733e-02,-1.958573357842265661e-01,8.958346480749029839e-03,-6.679751735369979238e-02,-2.021860826354647533e-01,-7.786776929379080059e-02,-8.975346590991110929e-02,-4.320063936257043102e-02,-1.492628228288146452e-01,3.115348508996002019e-03,7.802348358532446015e-02,5.278275308302921021e-02,1.231551431677669339e-01,-1.945787619630773291e-02,7.740597485326711213e-03,1.258501162596969980e-01,-2.931301277517600612e-02,8.173692971291657283e-02,-2.651497434962424293e-02,-3.335323695475314598e-02,1.054983999384814797e-01,-1.318349101770917575e-01,-6.544409529426128969e-02,-1.118322615605685244e-01,-5.712280666897798231e-02
-1.093174864109271865e-01,3.219441178839163586e-02,1.208910938857519768e-01,1.162050951614618244e-01,-5.493705779487481622e-02,1.981642052066742710e-01,3.805254141458824790e-02,-4.078738580646870671e-02,1.360418597427923149e-01,9.320067759918504446e-02,1.010667975631014959e-01,-1.231979995257580091e-01,-1.284266969865627273e-02,1.467004755327619980e-01,1.637179613408146217e-03,7.437952553972043690e-02,3.565206614007251917e-02,1.388059669260532925e-01,-8.734817600644885494e-02,3.060087984774292891e-02,-1.527566506265202184e-01,7.711951895413704516e-02,9.404960337687445771e-02,-1.853531460490994709e-01,7.127311494497640121e-02,-3.458823094540550147e-02
-1.524070748818922572e-01,-3.247287824869402040e-02,-1.239709430930393541e-01,-3.423574823628966479e-02,-4.689386521826444110e-02,9.665408386532015061e-02,1.111786214350122259e-01,4.339395739646292882e-02,-1.935230051635278004e-01,1.747547189347230523e-01,7.550687307786640989e-02,-1.888569273100847434e-01,1.292683844774732971e-01,-1.215248176970750577e-01,3.211963137268103452e-02,-1.352784202710458072e-02,-3.250075863641466167e-02,1.580064765379028402e-01,-2.539638997548510080e-02,-1.721735116278236832e-01,1.810862895719491106e-01,1.705028248094925258e-01,7.477683728942141617e-02,-1.301773132026040614e-02,-1.650720434359979616e-01,1.178816228532759691e-01
-1.721192647078733373e-01,-1.749074637066447002e-01,1.515699581068682966e-02,-1.377984311817905816e-01,-1.995870351677090371e-01,-3.117307714382314132e-02,-1.470875261041931781e-01,-1.376414539711583451e-01,-1.715383774858187937e-01,-1.195675042394645921e-01,8.736642883638567891e-02,1.252522372172177878e-01,-1.924487456749029990e-02,2.657195017333247034e-03,-1.894814770389071923e-01,-1.746174602761414729e-01,-9.829232970541222636e-02,1.779828223714799429e-02,9.712419914326170245e-02,4.257269603548971548e-02,-4.373594428413413171e-02,-1.547476141842318020e-01,1.138373818004475013e-01,-5.522691383633759887e-02,9.570631254436473556e-02,5.262173165915234874e-03
9.676372223838330955e-02,1.651324683032623364e-01,1.707032288442002499e-01,1.423377808899314867e-02,4.665979341838655259e-03,-9.500389165419448334e-02,1.766917413987245666e-01,-1.706135498243716020e-02,-1.509903117941695516e-01,-2.728428274165484169e-02,-1.512084353800682013e-01,1.026452209686695705e-03,2.484369346140935519e-02,-6.578069783324735909e-02,-1.736710145869479749e-01,1.798151498878247656e-01,1.108289497695779668e-01,1.373967677578293856e-01,-5.397720133628242101e-02,1.057519658583486732e-01,-5.930448883165878593e-03,-1.211934359428908370e-01,-1.522746976061109259e-01,-6.282295160975559511e-02,-1.469517515989309520e-01,2.020193830307598915e-01
-1.827779099365430815e-01,-2.386288191862204200e-02,-1.942331855296530740e-02,-8.083227475006803109e-02,2.892895197330594415e-02,-1.419141648476530682e-01,1.151101246519046217e-01,-6.793280376971574941e-02,3.703416130005227069e-02,8.742929523597298136e-02,1.577341804169603012e-01,1.361424732046161989e-01,4.391307522461734836e-02,-4.525013981933795337e-02,1.299309213054850032e-03,1.089564868575117473e-01,1.530729810933298962e-01,-1.606436166770369989e-01,-4.668415639323755806e-02,1.119493838067135427e-01,-2.771127525778949163e-02,-6.802198252684163449e-02,-3.595354102330811097e-02,4.169762374534058402e-02,2.026422106845313653e-01,-2.841166551511342675e-03
-1.181887075700241985e-01,-1.366963028035877714e-01,-1.855508291184903291e-01,2.384700247704796272e-02,1.807141695146813332e-02,-1.195106721351508888e-01,7.919482862435117676e-02,9.775502413469772112e-02,-9.767180828809411686e-02,-6.320857004784424804e-02,1.988580252306881291e-01,-5.097851931972549600e-02,1.057400627728029008e-01,-1.916711776442311943e-02,1.189344389674946156e-01,1.090734348621152372e-01,6.801541000702593376e-02,1.438421937832078390e-01,1.780778125639290166e-01,3.242863156678629788e-02,-1.064412434289924159e-01,-4.110011982255989960e-02,1.047280954050488488e-01,6.117456640882884544e-02,-1.306342236083265496e-01,-1.819465295970392194e-01
7.418039254074432209e-02,-1.009231246386309705e-01,-1.336971828241328986e-04,1.000416103117168776e-01,2.540777164406771149e-02,-1.689468120443234356e-01,-1.274791119077204327e-01,-1.137962622681418096e-01,-9.817210467530124163e-02,2.651730996904066995e-02,1.607895397512576485e-03,-1.203515144879840626e-01,-1.753316138308856076e-01,-1.332153244648514034e-01,1.963887350007580967e-01,-1.275240101434677031e-02,1.489374529885449383e-01,1.413990465222949577e-01,4.670517336170715295e-03,8.379996615751494904e-02,-1.245713706013358152e-01,7.638401729184629563e-02,-9.228494861515243453e-02,1.346320624358917639e-01,-1.687758977903751623e-01,1.107420064530073023e-01
-1.622025515698257980e-01,1.545502893678365464e-01,-7.938379537075000714e-02,6.259762055573281359e-02,-5.067106488659572916e-03,-5.420637727241037207e-02,5.896828983901875043e-02,1.814448033907306024e-01,-1.859887069809641746e-01,1.698207184617519516e-01,4.422633095722608432e-02,1.245982559678103230e-01,-4.708202071970368774e-02,-1.141605262005554455e-02,1.495477440256788304e-01,-3.452424578766241647e-02,1.405245886289321899e-02,-1.945333348906539694e-01,-1.384188531092147567e-01,5.744572167208145119e-02,8.797164137888935365e-02,3.348992428565958357e-02,-1.446172445931159511e-01,-2.213495554059444204e-02,-5.875072961646188308e-02,-1.759075204504023660e-03
1.501471025728777775e-01,1.118459312164248320e-01,-1.686683062307716419e-01,1.582479084416343329e-01,-1.144679476006027485e-02,9.887205988568409376e-02,-1.459433677152542075e-01,6.921693884573060229e-02,-1.069046193676422701e-01,-2.498299861518912812e-02,-1.958842905469023732e-01,-1.412518285122776607e-01,-1.653878749047937580e-01,-1.055187541751347324e-01,-1.621696363525101936e-01,7.780846696588700206e-02,-1.909472050871445781e-01,4.773699433426747962e-02,-1.456722890864346476e-01,1.804873416227322780e-01,1.755947121381649101e-01,-1.112926883287663066e-01,4.639124885657741615e-02,-1.913666688229103130e-01,1.750653948626003653e-01,9.320030024356162901e-03
-1.851967141047173859e-01,-6.385718509354917916e-02,-1.715631811861327849e-01,-4.340486632855980464e-02,6.889534858386392457e-02,-1.220790876206703790e-02,-4.714396369264159392e-02,-1.544098917770406754e-01,-1.034125323570238564e-01,-1.621188758874745339e-01,1.246730320745033649e-01,-1.478892494292894655e-01,3.866840920852951391e-02,-6.375970838979641564e-02,-1.110999887867391983e-01,5.654642260311693036e-02,-1.743308804331497597e-02,-4.048526409506261747e-02,3.764614221900361435e-02,-3.540473898826362875e-03,-7.967583943648107181e-02,2.394595185563327955e-02,6.872191425648654928e-02,-1.918986745170362107e-01,-1.383704906234065057e-02,-1.793339626186725710e-01
-1.271445500267321671e-01,2.453280800167270681e-02,1.484685225603090131e-01,1.552056636547568536e-01,-1.743629442923503303e-01,-3.279823015108410122e-02,3.365434992939417280e-02,-1.430928344744587799e-01,1.076174821715256691e-01,9.902333594946038930e-02,1.635315595219323237e-01,-1.992806241848464888e-01,-1.148682277356838505e-01,1.326553755187652728e-01,6.916038981182665024e-02,1.599023794833449585e-01,-1.795381556098034348e-01,3.931330559546802883e-02,2.799441090366908136e-02,-1.882572915674070591e-01,5.482423682014708755e-03,4.440418082763825103e-02,-1.251628446952169349e-01,-9.190180395603532448e-02,5.690276871153460148e-02,-1.285214073993126704e-02
1.451539262378594430e-01,-6.390511933494469332e-02,-9.460607442935846378e-02,1.965852236422953592e-01,1.666918844843737202e-01,-1.909663246209165055e-01,1.097648668589890630e-01,-1.579868150332800758e-01,-1.915775494205668450e-01,-9.175343925656863353e-02,-9.351696660017241869e-02,1.294653740052638113e-01,8.541343949283070058e-02,1.952648951026878521e-01,8.575630365262804089e-02,-3.314266688488476387e-02,8.065371365895757094e-02,2.025018964070352534e-01,8.520043488884121441e-02,1.060967240796977240e-01,1.777317756880300581e-01,-1.566421702975147046e-01,8.302824095505478841e-02,1.422316190183065543e-01,1.842243624684566372e-01,-1.171853126682945584e-01
1.592986427575271424e-03,7.320459564276043940e-02,-1.023872966568216553e-01,4.073596152781813751e-02,-9.828784678992809332e-02,-6.752358980207046057e-02,-2.371080162307964700e-02,1.183490448133636685e-02,-2.052922389933825587e-02,-2.758824971925533109e-03,-8.166066348355745241e-02,-1.382700199847176625e-01,-1.835235237921776508e-01,-1.232631246246858464e-01,3.322342889257506870e-02,1.160033415708501825e-01,-1.341010568419619409e-01,-1.587082657963411469e-01,1.010728888186878116e-01,-7.899707935542663040e-02,1.830570284473975184e-01,8.689359816249092594e-02,-7.024044867573522866e-02,-8.532829912262475391e-02,9.608331246763635036e-03,-1.706326071258772725e-01
-1.550101626273688027e-01,-1.314209673049506755e-01,1.113846004344660745e-01,5.618361374433972211e-03,-1.984368536153492402e-01,7.035096202979118640e-02,-3.093923917085331099e-02,4.400009190042741825e-03,-1.159094041218838161e-01,2.099471235762900845e-02,1.942690524487747372e-01,-1.729436197452896562e-01,-8.760905392110091006e-02,-1.041996797055481372e-01,-1.019487777298450359e-01,-4.917758877317796040e-02,1.289752031917491548e-01,1.673904292835887708e-01,-1.207346376764361490e-01,1.741372708288699278e-02,5.550465153401151763e-02,8.849784182223929818e-03,-2.672822673600883103e-02,-1.248861984921038754e-01,-4.776371598343542857e-03,-4.005170000825289400e-02
1.198339270369324083e-01,1.068763911572873093e-01,-1.483924629917007521e-01,-1.668318340094216423e-01,1.654829253479793150e-01,1.439660740203535516e-02,1.450676804089300331e-01,-1.791442820623263821e-01,1.075055591698351187e-02,1.598518175950505715e-02,1.462439075120390841e-01,-1.631459789342531719e-01,-1.052343806121584097e-01,-3.789333285287124764e-02,1.483276557060430045e-01,1.779419164494363548e-01,1.997714656302492786e-01,1.861765216305606985e-01,-2.003121736094334582e-01,-1.833782277707495800e-01,-1.428751465129841913e-01,-6.127771830315051349e-02,1.337627672075087371e-01,1.591994808289884378e-01,-1.269706183772502106e-01,4.851692406234031640e-02
1.692162561789692377e-01,-1.470469300852175754e-02,-1.607402564029501157e-01,-1.710413609763536402e-02,-5.035801626703212408e-02,3.148584640404070156e-02,-2.487037187179158559e-02,-1.956884388370214167e-01,2.002876399873453894e-01,1.765305965936783683e-02,-1.069121049552299030e-02,1.843211704770088000e-01,-1.395288078060427650e-01,-1.259962606567278098e-01,1.248822474240364744e-01,-9.696922738712221435e-02,1.213193642109004489e-01,-9.263001918688190672e-02,-1.892655401737253495e-01,6.898490948040347792e-03,-1.229761883016686902e-01,1.045418268097283443e-01,5.724832199475643479e-02,1.717464938054556467e-01,1.147354863937953273e-01,-1.294269716388038172e-01
1.216968839693291504e-01,5.746621145083113946e-02,6.850016368776828957e-02,1.347134709029493838e-01,2.993140978591005141e-02,-1.378361765153449103e-02,5.540007300905896992e-02,-8.191663036846219548e-02,-1.286885895214075481e-01,4.726965603091670687e-02,-1.079091631985561323e-01,-1.703202376292152209e-01,-2.024965235765724680e-01,4.391728099912978189e-02,-5.589073179614681419e-02,1.022975723185864383e-01,-5.060878401977148000e-02,-5.674795916480041003e-03,-3.767169413018925384e-02,6.104940875836784020e-02,-5.832728730861513888e-02,1.880310815751037867e-01,1.768324927925559176e-01,1.411052775309016849e-01,1.704075617864540537e-01,-2.062092815101934651e-02
1.477042849235066235e-02,9.815460829514582874e-02,7.952587986102727102e-02,1.583976779947402491e-01,8.770977673494423366e-02,2.018635844900957266e-01,-6.142217619871659373e-02,1.350114128122872348e-01,8.012954223683482757e-02,7.759618485047609093e-02,-7.061363912996782011e-02,1.157950838868764265e-01,1.623294262291083978e-01,-1.141123948551581030e-01,5.088174222640134969e-02,-4.373311668162194188e-02,1.984835776396314255e-01,-8.582074522799160166e-03,-1.101505281134891462e-01,-4.789993116629306935e-02,6.237261013913109053e-02,-1.718713541279492107e-01,4.200461398047106165e-02,1.748368129610989308e-01,1.420519389723909898e-01,-1.752834905708734736e-01
2.000411899127869098e-01,8.057232626463234348e-02,-1.369256822479662516e-01,-1.976872041926535095e-01,-1.332759657517991747e-01,1.371108660492080800e-01,-1.939477130945780614e-01,-1.081934048831689060e-01,1.043226050634646351e-01,3.491286466822837720e-02,1.146330526192274601e-01,9.979985768857579931e-02,-1.822052643136062855e-01,1.591407823983263525e-01,-1.106728756131697133e-01,2.164756055232708309e-02,5.850054037570556753e-02,-1.343521824312317592e-01,1.930843565490054647e-01,-4.802077909926122379e-03,-1.793504191157284655e-01,1.772845846870658715e-01,3.497664371975814368e-02,8.076137363936702895e-02,1.020733337357324078e-02,1.357169688070762326e-01
-1.892875021920024936e-01,-9.390923773693411747e-02,-1.230584404473619720e-02,-1.716628574015978681e-01,8.348329975545953907e-02,-4.311336348839575616e-02,-9.217004176949446237e-02,-2.013512856692478148e-01,8.912853513279328510e-02,1.353404563578551323e-01,-4.255501995407917626e-02,2.603669246798689940e-02,-1.104073952984710311e-01,4.954411028635491432e-02,-1.978001729624377925e-01,-4.604245921991850787e-03,5.846702054991842479e-02,1.695526875062956518e-01,-4.811149430862288190e-02,1.075193595237771693e-01,3.960646651059196444e-02,1.731288274396915461e-01,-4.120200182205518979e-02,-7.334642446468625510e-02,1.569637915595507582e-01,-1.827554438947522342e-01
-1.474247887960538628e-01,-1.693109595632573128e-01,1.391113335358198921e-01,-1.984205140439459503e-01,1.466311548809943188e-01,-1.975810331966848521e-02,-2.010891946917803264e-01,-3.987721806220850818e-02,-1.269842271534909195e-01,5.043723556563450838e-02,7.271966309673455475e-02,-5.056852126078537069e-03,-1.862928787830894772e-01,6.330124137344350643e-02,1.386770345667263649e-01,8.932880973498230626e-02,1.337789394822102018e-01,-1.214261456468017780e-01,1.576716701007894184e-01,-7.209031891284267690e-02,-1.972863330955023087e-01,1.392255425128138269e-01,1.791330876068151778e-01,6.306989310680938265e-02,-1.088869843588666786e-01,-1.006533269273297143e-01
-1.354466647468458018e-02,1.612975984654202444e-01,-1.420679767319304732e-01,1.321635557469634237e-01,-8.461469575495063344e-02,1.251139254842149051e-01,1.703957743704456185e-01,-2.939706051387336316e-02,-5.471419032687241391e-02,1.225333450668613655e-01,1.195361138802725209e-02,7.478346987408029944e-02,4.980018394497404133e-02,-1.407335888743228014e-01,1.397926404956895685e-01,-1.233456771945378311e-01,1.752655216579789843e-01,-1.011289809791803135e-01,9.482526944251118417e-02,-8.730983991186540283e-02,-7.387752618458764964e-02,-7.703330994098675499e-02,1.005060371166749400e-01,2.303525932205713334e-02,1.552651731396195722e-01,-7.809927223996822321e-02
7.784191411615792866e-02,1.025560941637029266e-01,-1.413039379598786671e-01,-4.030529224183132531e-02,-6.966516793192545354e-03,-5.851045489365760965e-02,-7.212310083006287509e-02,7.558253427088595933e-02,-1.151998173364675443e-01,8.489589195426744395e-02,1.763853748541900357e-01,2.643384122327910313e-02,4.518016739896793532e-02,-1.747729714682509927e-01,1.477744004027240488e-01,-8.698856988442291160e-02,4.664662378564662926e-02,1.942524009255853223e-01,3.872080616484144255e-02,9.110675997640238499e-02,-2.216974669881896509e-02,-1.782463394148026958e-01,1.206594025425732353e-01,-1.885311983741985442e-01,8.135519714880667941e-02,-1.934278352704891513e-01
1.468939144468349722e-01,-1.388088765628063548e-01,5.786269749713829347e-03,3.938901741426309444e-02,-1.721289307350520881e-02,-6.456123735171886979e-02,-1.304944987236750231e-02,-7.646005444787354333e-02,-2.508782577905449562e-02,-5.720265935352927822e-02,2.684224432447140929e-02,-1.062566637278543336e-01,1.981220996131915491e-01,3.527160106766014103e-04,-1.239996696138385146e-01,-9.298112715354106550e-03,1.485602394186076869e-01,-1.938798143895383852e-01,7.279885783583300851e-02,1.944817995187692050e-02,-1.339752087584356877e-01,1.287184180797063537e-01,-5.315973692690881269e-02,-8.360140588770105519e-02,1.330358741593263838e-01,5.616393093373389656e-02
1.614711294757244509e-01,5.266036404935520165e-02,9.763769570601105174e-02,1.364094407470416992e-01,-1.805274426812519262e-01,1.119219598657815173e-01,4.610143197123703351e-02,-1.745398038025448295e-01,3.477853461408692004e-03,-1.692892102530033638e-01,9.566300611988698410e-02,1.885376774426306135e-02,1.838979558494202027e-01,-1.284703639929716812e-01,4.299046033726014460e-02,-1.169368393613471474e-01,4.624678424812173061e-02,9.027163570485058353e-02,9.013160682479903762e-02,1.277443634794385163e-01,1.433442625038561236e-01,-1.713919772805348463e-01,-6.354614423339524643e-02,7.586740880846370993e-02,-5.731790712435735902e-04,-1.254130948894921216e-01
2.137069605660493754e-02,-3.752951359983941471e-02,-4.458314758930323474e-02,1.255872989816823604e-01,-3.746355579359178511e-02,-1.919954346117277999e-01,-1.791798724778136398e-01,1.444364488818796199e-01,1.867471103079245132e-01,7.638913864953994493e-02,-5.499084802359713309e-02,1.778271765361894574e-01,6.600727846973086788e-02,1.396074298985705009e-01,1.077878033828590376e-01,-4.900204914683789492e-02,-8.635031377661389618e-03,-1.272553411027169956e-01,-8.432630790734230164e-02,1.127639431340265452e-01,1.597355554062821481e-01,9.100577877740884114e-02,-1.412006095235307512e-02,-1.676466855594851424e-01,-1.796320989846151017e-01,-5.095374810020744660e-02
-1.466821014896318998e-02,4.424212991024037422e-02,-2.000900862183756512e-01,1.985544372875522878e-01,-5.516494933839530268e-02,1.411323453310921461e-01,1.417698601056407992e-02,-1.498355244921122931e-01,1.206456998230033828e-01,8.507279851415372462e-02,1.112375286217329173e-02,5.900440671298079476e-03,-1.672532698477141588e-01,6.318777596137559183e-02,1.667362340573392832e-01,-1.649157671616182652e-01,-9.588249141600387049e-02,1.631127211697843138e-01,-8.743612860855359825e-02,6.241529607603196750e-02,1.411676129961667026e-02,3.905529796368656381e-02,-3.414275212819684047e-02,-8.109194360734298113e-02,-1.830436934633975221e-01,9.904185690696148958e-02
9.977673059062791561e-02,6.921945841566506941e-02,5.823523166012378738e-02,-1.039079479426906760e-01,-1.936616293415995282e-01,1.251663197777543313e-01,-3.592813594609528538e-03,-7.831601709945409939e-02,-1.613936938419478495e-01,-1.772912194769962480e-01,-6.127584312182823845e-02,1.235533351480600506e-01,1.697683731890676784e-01,1.608598362000305815e-01,1.702861577995964937e-01,1.653091526839517433e-01,1.103806936441720232e-02,-1.137608044928709733e-01,1.208407299162469473e-01,-1.160729063057435867e-01,-9.438404670899586124e-02,-1.081500151626144518e-01,6.074502117315971894e-03,-7.223868751963785639e-02,-1.402198106168962011e-01,-1.898548553173229347e-02
1.515978583807676139e-01,2.860512074549603767e-02,1.533933062865955321e-01,-1.233063194117926670e-01,-1.350229209258266283e-01,3.064217327185134176e-02,-1.486801915929053530e-02,6.494078457470098265e-02,1.194542012248143714e-01,1.018906398819997561e-01,1.793114436335495054e-01,-4.125116840711456900e-02,-1.190432718339281271e-01,2.064214430746874607e-02,-1.578212540915832351e-01,-8.560871302312786368e-02,-1.184345758413949679e-01,-4.193745770575640908e-02,-1.576292954239056909e-01,-1.898112193290871219e-01,6.357094178247274519e-02,4.469961333646474411e-02,8.447755272292262196e-02,6.502746760787020408e-02,-1.563813005997501393e-01,-8.470548539490527218e-02
-1.502056304356235716e-01,1.390555630942023613e-01,1.001052172723149170e-01,-1.210136163426385747e-01,-6.433996668454963763e-02,1.891855149567099326e-01,3.817619858722479109e-02,1.221012562863691975e-01,-9.544478221026882203e-02,-1.175568477555736790e-01,1.151119687091999855e-01,7.536057936886148001e-02,7.337613086023497821e-02,2.134029260304762254e-02,2.577735760248539565e-02,9.556176859856813088e-02,-9.325075226732985889e-02,-5.969391053973308048e-02,1.506773142168440494e-01,-7.749415679337434693e-02,1.877586501519082351e-02,8.215863610089224611e-02,2.026907351286406089e-01,-2.623563960903946279e-02,-2.915419862262533246e-02,1.388998640331808865e-01
1.238639228973759110e-01,9.368796632079207098e-02,-1.490826505201281460e-02,-7.138255042878288714e-02,4.408395075239796013e-02,1.525368850761578132e-01,1.555996640992131641e-01,-1.587313811646972606e-01,-2.904983482750128632e-02,-1.430321569999157272e-02,1.936455338002848192e-01,7.216794730820147441e-02,-3.760623770189294723e-02,-1.921562409823233952e-01,2.650991800299679069e-02,-1.637679367768243854e-01,1.356002024303983866e-01,1.023817786144596842e-01,-1.601126205266437119e-02,-2.870095335086106370e-02,1.610980745576420237e-01,-8.576795982645397942e-02,-1.017579557019446107e-01,1.780692731144788987e-01,1.253813826052522229e-01,1.299952186242038787e-01
-1.235813597166797451e-01,-1.446229389690288913e-01,-1.921677296672360535e-01,-1.066145288347054576e-01,1.111684584318622937e-01,-1.053994544333390626e-01,9.288819134346937290e-02,-1.005869150179197341e-01,-4.245286376014315022e-02,1.958944914757365097e-01,-1.034641510202170683e-01,-5.012459292158497060e-02,-8.064769632149194900e-02,-1.582745929980166610e-01,-4.097343541796499844e-03,-4.918395188084259684e-02,7.901549306839628084e-02,1.287663039306061741e-01,1.794071164092511661e-02,-1.896674180067615956e-01,4.821616874108430872e-02,-1.802634615046558864e-01,4.717579024140441946e-02,7.501899170673076434e-02,-1.225378265887171747e-01,1.294764776035331466e-01
1.666713534653131989e-01,1.269387386047958755e-01,-7.901700292814428650e-02,3.512875325198822063e-02,1.681836608609231232e-01,-7.271012865403528314e-02,1.297528569795209918e-01,-1.988795933045839071e-01,-2.012426854921342267e-01,1.052981258983389790e-01,1.060019422412790679e-01,1.171636124019388436e-01,1.743511248455805185e-01,-1.549169922921310727e-01,-1.086646581712927689e-01,1.636872115727627808e-01,-1.308621393357360385e-01,7.388347652391558107e-02,1.235099267145839397e-02,-1.689909672628148729e-01,-8.706322207604061392e-02,8.259760878003924445e-03,1.428576864760122134e-01,8.414490893352510881e-02,4.941660479555864960e-02,-1.608434730486357767e-03
-8.162205420435922343e-02,-1.543742672624317525e-01,-3.686443322159524416e-02,-1.911586061329346720e-01,-1.171502015344734887e-01,-2.737410395171538391e-02,-3.300091106962382836e-02,-1.847619664696560082e-01,3.610876479782162973e-02,2.014410527879709201e-02,-1.710544149353609433e-01,1.796771035638786707e-01,-1.624272184160598931e-01,1.438648194742345177e-01,-2.025956350604941336e-01,1.549929749865911477e-01,-1.947259974343565347e-01,1.045279359303738498e-01,-5.607641314831612878e-02,9.658319760889866323e-02,-3.983666238078303889e-02,-1.739721333932819358e-01,1.084585638304639277e-01,-1.738323518500561604e-01,1.711455340591689356e-01,-1.820541767324664884e-01
-8.382409558688241891e-03,9.042762095756284868e-02,-4.328241240978339399e-02,-1.146455463468238900e-01,1.050464682124522264e-01,1.152651351040738792e-01,1.713784801919621126e-01,-5.020791817901604226e-02,2.534718407803976392e-03,-5.549353632519041235e-02,-9.848933572064146047e-02,1.017794131927695633e-01,-6.501194512766220179e-02,-2.913126462277693118e-02,-3.905478604077045057e-02,8.622188346345210919e-02,1.693920726568815538e-01,6.760998222004266367e-02,-1.152162120972155535e-02,1.132015993616284355e-01,5.715575579507847781e-02,-1.781472032262570449e-01,-1.639351368628693684e-01,-1.873480756887036525e-01,-1.750849351140001953e-02,1.321148072776087146e-01
-7.578401347275481870e-02,-4.696637651481772036e-02,1.660193926338723869e-01,1.365949505472185410e-01,6.691750726270490057e-02,-9.454764056499441460e-02,-1.552676307143192047e-01,-1.962102854770204352e-01,-1.593345466999595561e-01,-8.409020127377214715e-02,2.099788907421065720e-02,-1.767728646379769508e-01,-1.474886924481887407e-01,-1.293034140860622738e-01,5.351114010492991069e-02,4.694609712493966192e-02,2.058257931075854752e-02,-1.011573079142235043e-01,-5.225354518990216190e-02,-1.635191002580919373e-01,-1.109044767033061235e-01,1.612465722674132351e-01,1.944873859058506294e-01,5.986746077767629570e-02,1.689978471646496061e-01,5.787362253901173759e-02
-1.892619496240546817e-01,2.014086281194007455e-01,-1.626017521628932982e-01,7.405073525678684820e-02,-1.002106897017025766e-01,-4.379543974912850079e-02,5.916791007375127309e-02,-2.575072324440741411e-02,-1.011392113015795596e-01,-6.712253979772755952e-02,-6.424311604367682893e-02,1.862293986411576729e-01,1.210703859216460399e-01,-1.680608669516892029e-02,-1.217053346033382388e-01,1.260991265933355532e-01,-1.389927707428494363e-01,-1.173909014016373403e-01,-5.432385560314526018e-02,1.542092956463987918e-01,-1.492893067373565197e-01,-1.531622857016690098e-01,-2.442795364455491169e-03,-9.065265287947191220e-02,2.786522346727224320e-02,-1.960853994171976589e-02
-2.637033777779310140e-02,-1.573226206027554808e-01,-1.455336847717538795e-01,1.301788777105024608e-01,1.564532336738084228e-01,-1.075705523606006603e-01,-1.567195124085027924e-01,-1.810638284063348369e-01,4.390844735812171606e-02,8.731332914687778279e-02,-5.156822667265692495e-02,7.284821979586691976e-02,8.634253903995231516e-02,1.765062311625576474e-01,-1.764186883450859500e-01,-1.247579905533921507e-01,-1.749378707932311150e-01,1.492003534676751286e-01,1.186272482846607024e-01,3.026306227218647504e-02,-1.688005174942771580e-01,-9.190878748733906367e-02,-8.201295574511248410e-02,2.462786881863843202e-02,-9.809927083882687138e-02,-1.731401892184917801e-01
9.356082773266760633e-02,-8.146140662673116706e-02,-1.930952925743570359e-02,-1.509597431806295187e-01,1.226659184250393220e-01,2.656940322855627645e-02,1.628198509547811867e-01,-1.836020461487425370e-03,1.789726957394675577e-01,1.588799958640507159e-01,3.100006977393823804e-02,1.759188086400769180e-01,-7.172732766752892841e-02,-5.447436764500854234e-02,-1.842825225655332633e-01,3.616583213247781536e-02,8.997739298627027704e-02,1.108962843336894211e-01,-1.419793348952409773e-01,-2.264028124976780187e-02,-1.310133635544528941e-01,6.573330580897740472e-02,-1.386830529430491121e-01,1.638651049444538876e-01,-1.092121430234430923e-01,-8.457437143107331134e-02
1.422723109164731881e-01,-1.683899294327639851e-02,-1.929922390155512923e-01,-2.194963451782522279e-03,-1.684437584332980631e-01,1.967793406954795876e-01,3.572416897579819284e-02,-9.871200642080556198e-02,2.583385064112345142e-02,-1.715560285652362182e-01,1.215886582508478031e-01,1.724460384467552121e-01,1.518156415456977659e-01,-6.415818178465082511e-02,-7.064099643948185125e-02,-1.884952072692840097e-01,6.138412888637956311e-02,1.415188041720710777e-02,-1.648270587701311518e-02,1.652708830565268738e-01,-1.346559844160602759e-01,-1.988020988925653376e-01,-1.729956132300633220e-01,-1.121569556357717712e-01,-1.892258396411205801e-01,1.152960944951458844e-03
-7.537561703994230533e-02,-1.295457446892778475e-01,1.013946943111617149e-01,-1.198279716006450529e-01,7.606306747194996332e-02,-6.111440241318968902e-02,4.795475989470693312e-03,1.759081056498457141e-01,-1.875772760462224020e-01,1.072425536322862971e-04,1.436981052338218712e-01,3.566849277626674142e-02,-9.046615914575857620e-02,-4.148440889874346893e-02,7.308733402354922193e-02,1.584517229465677302e-01,-1.860711632783005054e-01,-1.737163399450513679e-01,-7.093153487462500184e-02,-1.083424532959807868e-01,-9.530699201205711235e-02,-1.130089682458993994e-01,-1.233254304368444632e-01,-1.497607153628078558e-01,1.759434164189634942e-01,-1.442606873201831008e-01
-1.198472509828323318e-01,-1.028746406923892465e-01,1.755626011062818570e-01,1.036773589555757269e-01,1.174564401391383073e-01,-1.602477705201032221e-01,1.363542919637692474e-01,-3.722241972698045465e-02,-9.616160789037841994e-02,3.071229771093406113e-02,1.306266192850369934e-01,1.129774044316420589e-01,1.581215258770640175e-01,1.735829525919102556e-01,-1.061764229484602196e-01,-3.087124018792355984e-02,-1.967901830804969221e-01,1.537930941611488356e-01,-1.400511052731691908e-01,1.465572252299390255e-01,-6.917361825749579474e-02,-5.346423732305843890e-02,-1.868553372863749895e-01,-7.019068364959751838e-02,1.574591141290174190e-01,-1.923632132045460796e-01
-3.797881667487659763e-02,-1.899904714004201634e-01,-5.233311979775120970e-02,-1.327253731161969763e-01,-1.004611760090656225e-01,1.530944008608048357e-01,-2.592835920214037193e-02,-9.171189136726190516e-02,3.622156878405935476e-02,-1.451050228260916397e-01,-9.755285065340711659e-02,1.875088823056814125e-02,-1.064192949551145406e-01,7.262598460193858685e-02,-3.449787062846321195e-03,1.102759087723310660e-01,1.817373524705974130e-01,-1.557689981197698803e-01,-6.703381962644930359e-02,-7.316246590816560813e-02,-1.414252437768034887e-01,1.258100571185131189e-01,1.053658525014167235e-01,-6.314574904901726349e-03,1.531387582022339378e-02,-1.785794936921273890e-01
2.250503564602465700e-02,1.181222145959640035e-01,2.993283061629045672e-02,-9.515475490913243017e-02,6.793117818154087439e-02,-5.615846712796820905e-02,1.819353329005055087e-02,-5.041529291549634584e-03,-4.817669600166638033e-02,8.874241959654416423e-02,1.556396625261163291e-01,-2.006078373775720958e-01,1.758065339612632227e-01,4.668724721275052669e-03,8.138522075872323125e-02,1.441852872252850082e-01,-1.333755882874684828e-02,1.358127013004328254e-01,-1.307066028295767735e-01,-1.381879420344260256e-01,6.384557397830137315e-02,1.500716785226623440e-01,1.591062218541207107e-01,5.827848030826859871e-02,1.033441535943910305e-02,-6.836039573999289076e-02
1.946125334806535490e-01,-7.310301840376043359e-02,9.900340796535150867e-02,1.296677857458125582e-02,4.399550751723890762e-02,-4.318750409627905573e-02,1.884590161356432536e-01,2.906305626953908927e-02,1.774976794211673981e-01,-1.996433313216256777e-01,2.946373762339790647e-02,8.805677969141589845e-02,9.936589941531270842e-02,1.641948098445311643e-01,-2.009366144824709099e-01,-2.025873529483740443e-01,-1.124556977286947368e-02,-1.908443026654835506e-01,1.923956302662158113e-01,-1.126865701927911023e-01,-1.108287847010416827e-02,-1.779334244242351537e-01,8.939363364856234284e-03,-4.867087997148369927e-02,-1.846141430202014877e-01,-6.684761747063153181e-02
-4.401644344993341229e-02,1.986349584814167679e-01,-1.184354610615917375e-01,1.815555593755707742e-02,1.975783990012722202e-01,1.183969764094567889e-01,2.000321169801412835e-01,1.898680052744162183e-01,-4.241113441292604369e-03,7.961910118350429277e-02,-1.579428840829727454e-01,-2.386076320716215560e-02,1.252892277768773432e-01,2.163165486008811200e-03,8.218278782401661209e-02,9.963801567705737883e-02,-9.995406971466050394e-02,1.523244656031240152e-01,-1.628969112473738212e-02,-1.175032549799380210e-01,1.481551019911556688e-01,-3.331974270929999316e-02,1.014872825348968055e-01,1.947464537969542664e-02,-4.789420347599016026e-02,1.256370457955963138e-01
3.424769409786876384e-02,-4.437076680210544355e-02,-1.582855869727904652e-01,1.603303077750464212e-01,-1.883403387528290451e-01,1.472515599924547058e-01,-5.677753923031089722e-02,5.649384645471955402e-02,1.711776807274277834e-01,-1.412129151319679310e-01,2.714456333446094161e-02,1.072123015084233688e-01,1.044354143038005445e-01,1.039226566489701020e-02,5.057466937209464941e-02,1.044123695294568721e-01,1.382670731399777697e-01,1.061501374281280663e-01,-5.919259017239464349e-02,2.013939576195385439e-01,-2.655538682300725983e-02,-1.928021850564591855e-01,-5.570091658330172946e-02,-1.509125822831241248e-01,-1.534832246528848032e-01,-8.857496356218963474e-02
-1.810805236161742160e-01,7.643083919533688597e-02,-1.727229807350667001e-01,-1.202990027720717975e-01,-1.650557278040556131e-01,-1.771103353919307455e-01,-9.416332839957426704e-02,2.915089194986869581e-02,1.884032398160971344e-01,1.522666014304109305e-01,1.524195631391109251e-01,-1.313361671070530368e-01,-9.531659804781640599e-02,-1.717481217487450140e-01,1.129028795889264747e-01,-1.744147227986047322e-01,2.298683038025017833e-02,-1.022219398729705964e-01,-1.040180248070149832e-01,1.989607574087757791e-01,1.041094281561617541e-01,1.366095111907196236e-01,2.918483465071092242e-02,1.504249331473233031e-01,5.898803731091945002e-02,1.808977497539211443e-01
-8.865461437358770902e-02,3.864658798653797245e-02,7.708731516386158056e-02,-4.340775889493625472e-02,1.539497259522438211e-01,1.945325589502693298e-01,-2.526112539559838277e-03,-4.433891833560019147e-02,-1.137755435383061564e-02,1.430144422956369232e-01,5.897907149972847485e-02,-1.845685941417841425e-01,1.709747083915705290e-02,-1.957070097676624210e-01,1.129300568360216417e-01,-6.960948850787018749e-02,-1.134935438930195772e-02,1.210967761628083394e-01,-1.838888923063834446e-01,-1.384417485429836059e-01,-4.137119262830912803e-02,-1.094997971744356841e-01,-6.572163935343200425e-02,2.019811748209832114e-01,1.319368193636820119e-01,1.556500836023689827e-01
1.772004913818510108e-01,-6.449134274034451497e-02,-8.227361073327586760e-02,-1.078223484524639536e-01,1.338434017276118326e-01,7.279794282440182895e-02,-1.069670717432124885e-01,-4.987192042577198725e-02,2.721233858631183500e-03,1.140917311810663026e-02,1.576067137216335956e-01,-4.842355692861646799e-02,1.656329744301647255e-01,-2.377207864720282116e-02,9.988993522407257908e-02,1.744433557390531742e-01,1.652484826172775367e-01,-1.796301047766153403e-01,-1.193199649120566808e-01,-9.363520323643265142e-03,-2.775079480186717906e-02,5.712345854125999711e-02,1.803039168931727110e-01,-1.571475745686184422e-01,-1.951853964890407078e-02,-1.247096153296579774e-01
1.597879412092478857e-01,1.883605180859729833e-01,-8.635241786239866713e-03,-1.605510259718274935e-01,1.156705620975205795e-01,7.992946761352076601e-02,-5.892261277878788062e-02,1.570714264992926767e-01,1.929224362563838335e-01,2.345640500493459402e-02,2.664888389967956517e-02,-8.209661592943001684e-02,3.426233232857842093e-02,-2.447156405688999392e-02,-8.020015013251963198e-02,-1.754814843800565904e-01,-1.002627255473722973e-01,-1.225025441534455944e-01,1.704560425511827959e-02,4.122134038100974673e-02,4.401958341051559476e-02,-4.533616632518860934e-02,-3.193680795311537590e-02,1.355144401234362750e-01,-9.636225771506634619e-03,1.977640036269124879e-01
-2.448173681658527556e-02,6.064646122474631751e-02,-1.823019169749658386e-01,6.217051111844551503e-02,1.424831702774280173e-01,1.793911799176756139e-01,2.016348758000924279e-01,-8.831401856904760872e-02,3.055822200907751252e-02,-1.998101955525136142e-02,2.587431421195571235e-02,-1.388831044122177116e-01,1.443981471024473606e-01,1.660566264297115291e-01,-2.040929748063832760e-02,-8.902304982905004382e-02,-1.456213668038896514e-01,7.450605656243669550e-02,-7.612917866494717245e-02,1.660443117520487011e-01,6.933571285516831884e-02,5.906701182271084649e-02,2.408413804107581435e-02,-1.841615433608705388e-01,1.751196806172594655e-01,5.187128779270733236e-02
2.003136896508920239e-01,1.514587141659642922e-02,8.518786996192934113e-02,-1.799314739557366927e-01,5.341143526021369103e-02,1.073001808383061695e-01,1.129215116702690924e-01,1.095147238519480482e-01,-1.109766359129832208e-01,1.927467125712372664e-01,2.007678408128364955e-01,-1.720714384201366409e-01,1.769538969375902826e-01,-8.536622967639902193e-02,7.674379750509052744e-02,-6.563670120796358254e-02,1.896474481267071410e-01,-1.615672428553674156e-01,-9.135360017715754566e-04,-2.917247786587010006e-02,-7.053747375640051498e-02,5.900565447921979345e-02,-1.495856548294738353e-01,8.784413665641455093e-02,1.948524370915729054e-01,1.234810243702498256e-01
1.459660660745950023e-01,-5.690921951270075385e-02,-7.099839927541129470e-02,6.912126302601129257e-03,-1.841817038503209547e-01,1.805670829359258822e-01,-1.444246039998388631e-01,1.633985847289536886e-01,-1.688334345746512755e-01,1.308058337015003958e-01,-1.411091582087003193e-01,-1.872610393556581876e-01,8.899033542278234066e-02,-8.908977000211788788e-02,8.696584077556318571e-02,2.233389764578935788e-02,-1.586060811451131813e-01,1.752038657160636670e-01,-1.933385671928622429e-02,9.505487332354889407e-02,4.137831949838355339e-04,4.231256969771285403e-02,-7.996395339122219781e-02,-1.214866455822764674e-01,1.725976658934036401e-02,-2.423776468956234664e-02
-4.455276544493871893e-02,6.996606240659591913e-02,7.723947124975233391e-02,-1.841032745284053307e-01,-6.537982362735852981e-02,-3.577439490715636494e-02,-1.634370205363245288e-01,-1.070769935849250065e-01,-1.817834379171597292e-01,2.011976008625548373e-01,9.591032650581471364e-02,-1.672652098223684769e-01,-1.945112558317023677e-01,8.890857791393536047e-02,-2.465407592864696240e-02,1.162795537901379905e-01,1.716951525662377409e-01,4.026059072878360179e-02,-1.268595204127056508e-01,1.144134348707999127e-01,1.848054194258109684e-01,3.252916775010675221e-02,7.378948674052893120e-02,-6.589465409969730292e-02,-4.803369901391082997e-02,9.513888912532630915e-02
1.734365523554954880e-01,5.229736477617691337e-02,1.175166394886776877e-01,-1.331330954939572153e-01,-1.167840055325279486e-01,1.298822117918610464e-02,-1.311386533128762188e-01,5.473272890876484942e-02,-8.447263817956190968e-02,1.181996924735415622e-01,1.249210067273600067e-01,-1.468210182783186157e-02,-1.294129108155990249e-01,5.950879644971501792e-02,1.997967646984412649e-01,4.970355119479180628e-02,-1.882166360901641189e-01,-1.957095020116742246e-01,-7.283287867222709711e-02,-1.233421516912930199e-01,1.269242412118881114e-01,1.397988465001158143e-01,-9.786619120170336750e-02,-7.069100480048229329e-02,-1.069366695486620444e-01,1.655756111668570951e-01
1.074152659298388546e-03,6.330458210341743941e-02,-3.426714789684306983e-02,5.311871259112488364e-02,-4.627907309547060755e-02,-6.500116331385788482e-02,5.452392725593113720e-02,3.692042993546001961e-02,-8.371252737799693422e-02,-1.421690153477016827e-01,-5.328458421984594295e-02,-3.438247500500007936e-02,5.217408846565668723e-02,1.680675480066927130e-01,-1.880503613861567724e-01,-1.039307012199314623e-01,-1.241805517257400376e-01,9.302506294285861621e-04,-2.850227541135286202e-02,9.286157008506107369e-02,-1.044355175846145845e-01,3.831364676086657095e-02,1.556320205907821830e-01,1.665061796036526598e-01,1.860107436281621673e-01,1.107916647149728151e-01
1.646047220623773066e-01,-1.076324475664010016e-01,-1.226135159055941476e-01,-2.000906690850322855e-01,8.386347829551910049e-02,1.773677583774331268e-01,-1.269296935266463477e-01,5.552273558856685165e-02,9.992524294649551830e-02,1.733729533351494045e-01,5.954336566113516138e-02,1.906770324272102357e-01,-6.297609869232456692e-02,-6.084533949712558898e-02,1.743909645328531322e-02,-4.723328006592514283e-02,-2.021431627826494049e-01,9.397021237117242354e-02,1.020567682242869978e-01,1.001339831413726178e-01,-6.283519707044593616e-02,9.037098156717965347e-03,-5.677267664028040617e-02,-1.962193765704413895e-01,2.531945031514318267e-02,-1.525433886906955028e-01
-1.702690648167415888e-01,1.035901625188062614e-01,-1.988669957395184651e-01,1.861014974084333473e-01,6.185171851177395652e-03,1.958353539655497966e-01,-1.792065369741004666e-01,3.386642302172637731e-02,-6.108921222319069200e-02,1.392623755322674461e-01,-5.626619104454083642e-02,-9.710849725314063541e-02,1.449672076470201465e-01,-5.082095474202363850e-02,-1.958962714604443045e-01,-4.448145322840738047e-02,6.264988377947638964e-02,-9.959306476548972220e-02,-2.757511559595693384e-02,-1.797264902048085478e-01,3.571655519612035312e-02,1.039128359679110103e-01,-3.514676549938808292e-02,-3.234107495554230938e-02,-1.669277430284491215e-01,-1.208458192936140568e-01
-1.400092832165648615e-01,-7.424555518378339602e-03,1.186143752743121227e-02,1.820193764234081524e-01,-1.730300546899165293e-01,4.049071341951707148e-02,1.074362723293975641e-02,6.581586625475588370e-03,1.512946071488949218e-01,-1.193871971110412322e-01,-1.861899982125249653e-01,6.984617816499377740e-02,-6.277973354968868769e-02,-1.955895151992149972e-01,-1.008035259093272851e-01,-7.730701543302290202e-02,4.737123505478102459e-02,-1.327476103079365533e-01,-3.525145618632283262e-02,-7.105198348025948407e-03,-1.652689097781206984e-02,1.921556947104321456e-01,-1.842718649095568817e-01,1.828416360329489510e-01,3.322082290661143578e-02,1.199005625002733666e-01
-2.822178589144128114e-02,-1.871608146046430110e-02,1.537950564014446964e-01,1.605286431253265533e-01,-1.059466141249513077e-01,-1.219401026985506425e-01,-1.526420243549486688e-03,1.622892893668837488e-01,-7.202478208063919918e-02,6.163317458860251286e-02,8.439352546995732007e-02,1.129865324891592970e-01,2.591768736667196538e-02,-3.954880926372858485e-02,1.893480959649969653e-01,4.513821082326574530e-02,9.267003414143404338e-02,-6.285053127384945815e-02,6.890460841929663127e-02,-9.819910368686410318e-02,-1.033485244170884165e-01,8.705749064092027645e-02,8.674333796318489664e-03,7.430811374926171720e-02,-9.347941789302802174e-02,4.002663100350800640e-02
-2.273167713962756520e-02,3.931181402511552125e-02,-8.478622890209384921e-02,8.735296160994115988e-02,1.240367447184081984e-01,-9.734004753137176502e-02,-8.083688411394339413e-02,6.533877824271810963e-02,7.929852776261003822e-02,8.275067140013725453e-02,7.407372519283794698e-02,-4.346029939868825687e-02,-4.263078144407828063e-02,-9.940733773698108566e-02,-1.391341775922497748e-01,7.807904009562494085e-02,-1.649385259623488975e-01,1.774995672940894442e-01,1.324524878411789675e-01,1.449479948888907632e-01,1.648807911989371155e-01,-3.705542248933321736e-02,1.405671827316032907e-01,-1.386364563085499824e-01,-1.939467117883882097e-01,1.155070584952340718e-01
-1.723954790215332378e-01,1.980686267893795871e-01,7.086988865552745764e-02,1.027592656530658122e-01,-1.030619014548322943e-01,7.049240728901040587e-02,-1.851980172626927490e-01,1.369688798022558607e-01,-1.339484095567186062e-01,8.001733361294560698e-02,-1.117072942769619381e-01,-1.749673943691918143e-01,-7.503247884510289012e-03,-1.340854015624944606e-01,9.302632749678302337e-02,-1.064019413967144390e-01,-6.386830912510407798e-02,2.734273371040749079e-02,-8.718298342958005764e-02,-4.946879429151795904e-02,1.279664568771802236e-01,-1.300619371644055056e-01,-1.693932015737702190e-01,-6.959103617813688913e-02,-3.066086712248131119e-02,1.729588288522096451e-02
-5.172484625555823223e-02,1.175425033655376206e-01,-1.867794250095827779e-01,-2.766433491566971936e-02,-4.773844773127589036e-02,5.983458149158771278e-02,1.890481752402508042e-01,4.206630045129583495e-03,1.974005304934836058e-01,-8.017648527496079591e-02,-1.902059629436474997e-01,-1.355543368271261151e-01,-4.252082125306674842e-02,-7.446602562348578203e-02,-1.633713510997170104e-01,-2.730244937446724141e-02,-6.563473443779449523e-02,-1.530061791758669520e-01,-8.266276539652409050e-02,1.566775721789341325e-01,-8.025778841126236796e-02,8.674660607756184971e-02,4.542863991915008226e-02,-2.952384624735887586e-02,-1.058100792094583270e-01,-5.310699820370357038e-02
3.734417217756255680e-02,-6.051097883989317583e-02,-1.155930819293353728e-01,-1.555022739495083295e-01,1.539736290154860021e-01,-2.419965197392429102e-02,5.076476585302014399e-02,-3.888046455127830425e-03,1.510542734367804618e-01,1.902938048935240434e-02,-7.792028550972940337e-03,1.721512560800360081e-01,8.907148301599798756e-02,-1.574941483490832350e-01,-1.306722854764288122e-01,1.164117904087520472e-01,1.361683747836876512e-01,1.832227942630570983e-02,2.207845975124966831e-02,5.349122066502715045e-02,-2.468504824327905078e-02,7.306036997573911451e-02,-1.587383091638003008e-01,1.870221755684632337e-01,1.014233788950994475e-01,5.318358763841141146e-02
-7.447083099973425546e-02,-1.374630300400328797e-01,-3.675620877341778669e-02,6.551006585150886963e-02,5.421160289232052065e-02,-4.758225492478951324e-02,4.593111046627848526e-02,1.272068704344729850e-01,-1.920642516291006241e-01,-2.002032217182561635e-02,1.048292593533777239e-01,1.870892609913302196e-02,6.141483272843983876e-02,6.761317092176644117e-03,1.994268091950393562e-01,-1.805753251970930451e-01,-3.630809195180356719e-03,-1.656570659752625851e-01,-1.379373674106184056e-01,-4.742121507698585092e-02,-1.396586613199125027e-01,1.879984499526208275e-01,1.811475314519703783e-01,-6.644810280471208364e-02,5.665965154180069296e-02,1.368502822219344606e-02
1.279523513224410936e-01,5.167185735973456318e-02,-2.026188577584752126e-01,1.067020616362922003e-01,1.000827014084862965e-01,3.941997342266384541e-03,1.633604464079498886e-01,1.656014209502694734e-01,9.694808237619256808e-03,4.378301054804756287e-02,2.013111139199154631e-01,-8.156681226933414075e-02,-7.110761093814874090e-02,-1.286169188244414840e-01,1.605012525969399251e-01,9.912596620405705883e-02,-1.598891204745075678e-01,1.953289241381866437e-01,9.364167551007585022e-02,1.421165348493136915e-01,-1.831988406935866898e-01,2.011367016259646423e-03,8.052017137653538770e-02,1.741236748187272032e-02,6.756595295312878280e-02,1.288796318350904357e-01
-5.094908618235399755e-02,1.413650740755645896e-01,-1.366681125999536506e-01,-9.289251391874496500e-02,-1.851470601749708178e-01,-5.496712265374578688e-02,-4.868976561080995413e-02,1.237696518355639319e-01,6.208567061645292595e-02,-2.565535959822945467e-02,6.167346067987622416e-02,-1.813206037794772019e-01,-1.296314844303821934e-01,5.147004653670056440e-02,5.731610628958788700e-02,1.111458213620367674e-01,-3.932801311274239375e-02,9.023287307968036464e-02,7.459343256077277662e-02,1.878793360003937485e-01,-1.154982923886254814e-01,2.095308775622262143e-02,4.125962239560887479e-02,2.021730087059392944e-01,-1.211526266379001626e-01,9.413570366594986583e-03
-6.236300215494558485e-02,1.049810802393216780e-02,-1.086064296978316718e-01,-1.834171352530727661e-01,2.942111374751582575e-02,-6.655162456547480954e-02,-1.289544500159572615e-01,-7.138399140469139925e-02,-1.827409290398671615e-01,1.826283926306723759e-01,3.290080759596925031e-02,1.276205781214210244e-01,-3.117114458143430133e-02,1.635208776787407392e-01,-6.763500741192834953e-03,2.998057090127140278e-02,-3.327068639732505551e-03,9.458091845226390681e-02,2.702520187992618617e-02,-9.260348676204162299e-02,-1.437133127101728469e-01,4.302732979681853087e-02,-4.386902651032420497e-03,-1.638085941145484559e-01,-4.232110800933089334e-02,5.990988398826585515e-03
1.325363861051006009e-01,-1.718666167424842683e-01,-6.142641371494383939e-02,1.308184814909151839e-01,6.017735912824245803e-02,-8.515980778736255419e-02,1.400135100149081935e-01,-2.719066973408179599e-03,-6.682131871120766675e-04,1.932287275017925410e-01,1.812800002416573575e-01,-5.735685220132299977e-02,-1.457244704035606242e-01,-7.068210317892986705e-02,-1.903620064751139207e-01,-1.943010311274994129e-01,-4.235975865014682262e-02,1.788081472869810784e-01,1.505640217281932203e-01,4.639410355773171402e-03,2.644554228891762837e-02,-2.003155221982925449e-01,-1.153479018687451202e-01,-1.926767313677798521e-01,1.032011259135668380e-01,-1.436702284907346860e-01
1.496273529201664343e-01,5.810975759050962530e-02,-1.097051485050810765e-01,-1.387747053681432918e-01,5.174446849245739610e-02,1.625163181329262185e-01,8.853249712556526818e-02,-6.140561315721457247e-02,3.542901694917441335e-02,-7.672523751708196227e-02,2.023764118105500498e-01,1.008899645125601596e-01,4.637516963175786211e-02,-3.111399941012868431e-02,4.790395132313302051e-02,-6.421556803734668195e-02,-1.910181829538707410e-01,-4.253556412004713683e-02,1.745351882844968228e-01,5.120782240288629383e-02,-1.686820095029557542e-01,1.560927450096600277e-01,-9.370794203289059543e-02,-1.038867186061494668e-01,-8.226793008597928225e-02,3.130106198779955551e-02
1.811844906164797320e-02,-3.481228164857158580e-03,8.819867391316160710e-02,-7.438338747776218618e-02,1.143609242081158883e-01,-1.316383667253543388e-01,1.145864586552554076e-01,6.641556664630199336e-02,7.428042167681259134e-02,-7.479035439361070292e-03,6.770950672947817495e-02,-1.703681052921801053e-01,1.425337381250101343e-01,-1.802000083592741608e-01,-1.424150947559976177e-01,3.113380578478991412e-02,9.706756156146600922e-02,-1.718055942057275798e-01,1.705959074506580575e-01,1.920206345943171189e-01,4.295669528952159033e-02,-7.604698974893658869e-03,9.787176343628078978e-02,-6.959121165597650926e-02,-2.730884183911402863e-03,1.687252823266906510e-01
1.847420415037301367e-01,1.731519389254881358e-01,-9.631363227815094297e-02,-1.084684016427735626e-01,-8.203539379229395079e-02,-2.379496503348238479e-02,-7.534441518069143195e-02,-5.099946938609375979e-02,4.891133865851182705e-02,1.064390476812199782e-01,9.550528761484117224e-02,1.274806541550486672e-01,-1.896722909673690671e-01,-1.833679099806887480e-01,1.173281299255295451e-01,1.341155800691348765e-02,3.168154442063081389e-02,-1.814002692841317488e-01,-9.920616631623646597e-02,5.609470516415754338e-02,1.456275772751763342e-01,1.690627605884835183e-01,1.700814095085823041e-04,1.843718328914265014e-02,1.350324507452855261e-01,1.525460944340684133e-02
6.835161510160586706e-03,1.642382554248391635e-01,1.175510261031179060e-01,1.658553579231814568e-01,-1.142345979351102603e-01,9.882856469821427181e-03,1.388527310103404022e-01,-1.576571685913922549e-01,1.194685389936879782e-01,-1.285360408644570795e-01,1.249244158376967007e-01,4.540993195377757141e-02,-1.243751441408000730e-01,-1.080334620177350602e-02,7.375207218091434092e-02,5.426964500052672280e-02,-2.949707333376019869e-02,1.619201347641178179e-01,7.810205523023139307e-03,2.378851755637845233e-03,-1.774821832493299611e-01,1.711455153424946696e-01,-1.309106420459440201e-01,1.149214130061254613e-02,1.230791850823594324e-01,-1.153673139972949124e-01
1.109829312183907568e-02,-1.051373397725066244e-01,1.052913701980636163e-01,2.608663926105844744e-02,1.443277168061494198e-01,1.599705542945397130e-01,6.030286410472757153e-02,9.138317387618299925e-02,1.995591675726607339e-02,-4.685749496121233149e-02,6.005329019764538145e-02,1.655375304393974512e-01,-3.378130877790158637e-02,-7.524604934124076716e-02,-4.523239840122258992e-02,-2.619254159952469352e-02,-1.728964513955834337e-01,-6.317439957509718429e-04,-2.305245070129469109e-03,3.585888013525387330e-02,-5.561857978693429683e-02,4.585861822085909867e-02,1.533449387835699174e-01,1.846672638325316806e-01,3.389993984239444980e-02,-1.854530337721862487e-01
1.902481815863667491e-01,8.346521360517089594e-02,-6.650729645314309990e-02,-1.430572380835326285e-01,-1.445732232921060623e-01,-1.347105143722735210e-01,-1.842441797504196788e-01,1.630503702916144548e-01,1.652917126363445677e-02,8.107202960012954707e-02,1.330291103301177169e-01,1.182030931893268133e-01,1.551245526836565469e-01,1.894448482020314461e-01,-2.470335783706442689e-02,1.825851045880843571e-01,9.053121858967883018e-02,-1.740693309268356304e-01,7.370258985918376471e-02,7.570285563893375258e-02,1.645530920237397443e-01,-5.151870461008389857e-02,3.442672475378724672e-02,-1.977798632579748639e-01,-6.808382137005156154e-02,-1.774849661180357141e-01
8.868231164372908371e-03,1.287067458795869146e-01,-1.190205873784282303e-01,1.112576411145246857e-02,-1.200074567958621524e-01,-1.537889882005643027e-01,4.458566011510317617e-03,-1.706310045451436275e-01,3.541727366174340919e-02,-1.900156774058129883e-01,-1.594544363240592011e-01,2.027110186187611185e-02,3.706044333515484679e-02,-1.909686822302026354e-01,2.975006301572877265e-02,1.372432854262800594e-01,9.013641049224707658e-02,-1.495332065947430344e-01,3.749314554783211850e-02,6.983847169374374220e-02,-1.876261047197921861e-01,1.440730212339841887e-01,1.647180395842873790e-01,1.420882202735715971e-01,1.316193702749640093e-01,9.931928460424427341e-02
5.409900660779398684e-02,7.242296643726792160e-02,1.242256513632737924e-01,6.588376934821560393e-02,-6.984680079633506788e-02,-5.029063178702902759e-02,1.609839436510976940e-01,-1.957791934982626436e-01,8.061029900512389768e-02,1.843861146184499478e-01,8.361364975171486913e-02,2.002528752526933076e-01,7.603866167633610562e-02,-1.887889835537258088e-01,1.325836800808909977e-01,-8.732017121507457125e-02,-2.187068934786345897e-02,-7.618590967501109867e-02,-9.383798490671824144e-02,-2.781103798520204173e-02,-4.915930701926041202e-02,5.406111824028997370e-02,1.269647829587705612e-01,-8.226886892565769827e-02,-1.160695906099662167e-01,6.766642368311831524e-02
6.905498086399214364e-02,1.626356232176247585e-01,-1.962561557034015192e-01,1.431376628922175209e-01,8.515171973289187290e-03,4.918101343892083976e-02,-1.656753548965128608e-01,-2.732076516259035470e-02,-1.105631738570943406e-01,-9.964760030895471188e-02,1.660333233254401852e-03,1.266828988744313489e-01,9.883913198392396682e-02,3.689524427232174220e-02,1.598180773948404410e-02,-2.947321426212679008e-02,1.916566789665969384e-01,2.440461527844581258e-02,-9.975246060160941619e-02,-1.094326443556472017e-01,4.514724305569894902e-02,9.255248076257799328e-03,-1.996001976070137240e-01,1.338225055848158984e-01,8.275986271305396658e-02,6.561245997319958834e-02
-1.748346167295206921e-01,-5.592841090199193732e-02,1.765224404815286530e-01,1.470090620279229654e-01,-8.694999176597828505e-02,-1.390428783625453635e-01,-2.064190221112083279e-02,-5.845248117837686941e-02,7.388230444232612992e-02,1.891124614563841622e-01,-5.554502461998886420e-02,-1.774928939391839933e-01,1.612095885673168749e-01,-1.873347827858909964e-01,1.835705042226507544e-01,6.672748273278927833e-02,1.790795446679440683e-01,-1.217707055828997353e-01,-1.862197897521234990e-01,-4.780175022429833387e-03,-2.001936263562109630e-02,-6.832018170648143651e-02,1.855533517265819388e-01,1.307891312910529069e-01,6.551220691249987071e-02,-1.366915524946670235e-01
9.500465134033109216e-02,9.204048060169411904e-02,-3.038054155164274239e-02,1.722262302067130157e-01,-1.350212956869680236e-01,-9.433122337678559455e-02,-1.770873839660880578e-01,1.197883535547235034e-01,4.936642101338073463e-02,-7.503105161181761185e-02,-1.363042041699029927e-01,-1.864436041991618942e-01,-1.351154854780325931e-01,-1.894038636887740434e-02,-1.025051832958709941e-01,-9.771885094180515763e-02,1.522745936405072165e-01,6.137455067802971564e-03,9.294847638882258734e-02,-1.882424796739847472e-01,-5.466849632778769674e-02,-8.445630348812738220e-03,-1.271399113023217176e-01,-1.539904632465249057e-01,1.501368626969445397e-01,1.781642254093422362e-01
-1.707696345973316876e-01,-6.121421962436920938e-02,1.858084373523050115e-01,-1.690039186017920914e-01,5.823830684326408713e-02,1.914585787448732646e-01,1.938921648574575829e-01,-1.166728256050442170e-02,-1.367358202620130303e-01,-1.207876583887394911e-01,1.579609352172844372e-01,1.669137564464399648e-01,4.373898464027162203e-02,1.079192054217673058e-01,9.727830891883287867e-02,6.560934143614483016e-02,1.326919628974386201e-01,7.517171123470095528e-02,1.378597736721176581e-02,-1.066490507696063322e-01,9.888260107765900475e-02,-1.076941533099903814e-02,-8.320015768472337203e-02,1.224218308723413196e-01,7.975603955884774665e-02,1.773160139137567870e-01
-1.356441534571650176e-01,6.048766565133517625e-02,-1.036961707992924142e-01,1.636296650726217772e-01,-1.623799295146158284e-01,6.331462181591357430e-02,1.180185014129242482e-01,-5.882246292269308063e-02,1.841268451165157249e-01,1.422010999958555066e-01,-8.327045504529136111e-02,-1.996637345865399371e-01,-8.244380803579796912e-02,-8.866601362051045043e-02,1.581081969247492558e-01,1.893907442332452562e-01,-1.741618546474216211e-01,-1.163829438804256378e-02,1.959584278759918252e-02,-1.650508840500410357e-01,-4.966762612520508879e-02,-7.416254864043536621e-02,1.461877580857737224e-02,6.535362960402851806e-02,8.250149706616777268e-02,-1.472749248361636121e-01
1.268822758129213302e-01,7.238851388695821676e-02,1.577474785460559192e-01,-2.054131102589229485e-02,1.596996213841735957e-01,1.483003479163603200e-01,-2.497146977125272449e-02,-4.818954271750613971e-02,1.754803538014802489e-01,8.723691218461510077e-02,1.736288326283069172e-01,1.204061751250942169e-01,4.431381905553438694e-02,-1.557495824321513400e-01,-8.454258219421442733e-02,1.900886034331029650e-01,-7.321394256704677472e-02,-1.649117327807946565e-01,8.415093636416193235e-02,9.487525289980508481e-02,-8.698454258940598038e-02,-8.203236375197145436e-02,-1.261210345327751225e-02,-1.938870488455909924e-01,1.173038235192599976e-01,-7.415996602035185292e-02
1.434305706727717622e-01,1.226992126295627927e-01,6.543923203682011636e-02,-7.100315891891292863e-02,6.615426360847553866e-03,-2.236855970106513269e-02,-6.532411907939464357e-02,1.411492220756727645e-01,-6.686931712216015455e-03,1.349000603030397483e-01,-1.600611799943715274e-01,-1.455437809569662400e-01,1.935259029803313990e-01,3.558505849655538289e-02,3.961040134839777238e-03,9.388450441832979498e-03,-1.154421193101041743e-01,8.867186008924610174e-02,-1.683475516689152962e-01,2.972854420005177634e-02,2.869267264646610527e-02,1.679295599324358568e-01,1.061562207563393478e-02,-1.471501814074710757e-01,2.949725800462291159e-02,-1.656931117325476377e-01
-1.200945463201183727e-01,-1.901084736451312263e-01,5.389782336431253595e-03,-1.684481048112072554e-01,-1.240881744931604524e-02,1.755342858966059683e-01,8.910060066423008962e-02,-1.713352364407370321e-01,-1.118170430917789365e-01,7.041011300717997523e-02,1.600288804907281093e-01,-1.893746218075517129e-01,1.266809451760960159e-01,2.506196966910495538e-02,1.868737879364534837e-02,1.856168879462872789e-01,1.004056327745398436e-01,1.419530436170595711e-01,-5.919639064235818204e-02,2.204148865715538363e-02,4.679035795047511992e-02,-7.233744024230051584e-02,2.848157027366116090e-02,-1.067710820915913905e-01,-1.445906334634942669e-01,-5.109780395778132367e-02
9.701816784438216379e-02,1.687399274178044695e-01,-1.714451759023202793e-02,5.790678281315136955e-02,-1.609455890620944685e-01,1.639867679170519676e-01,2.781505885494353625e-02,1.136610195091977138e-01,1.193789551220513778e-01,-9.873312642074330570e-02,1.182856110560492890e-02,1.866980280755168864e-01,-1.663795661210913657e-01,7.421619492647424376e-02,1.874214697318455358e-01,-8.085450131785142103e-02,1.465463225026306104e-01,1.758231677144049265e-01,1.001792324250753152e-01,-1.089309011351168727e-01,-6.730315144578996600e-02,-1.882026062805421673e-01,1.343852037425922186e-01,1.417472079792785333e-01,5.380639016588295576e-02,-5.979146590434250563e-02
-1.715787640501035827e-01,1.026002915447644104e-01,9.184332972527020633e-02,1.672865678165171288e-01,9.346746210677919775e-02,1.332668751390793660e-01,9.972043722461754189e-02,5.298613081233877198e-02,-2.961092239465734632e-02,1.630354175705938657e-01,6.120906420088073618e-02,-4.121106495780985091e-02,-1.688792198979806036e-01,-8.485713118974928804e-02,1.772867349606302434e-02,-9.096694012249643968e-02,-1.130230171130409828e-01,1.110649283692274891e-02,-1.338688403191592435e-01,1.217989851816773661e-01,-6.337814658749885144e-03,2.994710234330102971e-02,-1.429657838001364700e-01,-7.112419624262555917e-02,-3.645345703450555974e-02,1.249625580493840538e-01
1.095341327279352739e-01,-1.123166849667466133e-01,4.710392881798761144e-02,-1.040136769465236088e-01,1.979561117982792107e-01,1.833102024719779344e-01,2.565020183386815256e-02,8.064354149319807874e-02,1.222126657461748978e-01,8.960213579494308300e-02,8.101902950462147590e-02,1.859172499118346700e-01,3.910739784402345043e-02,5.526288607431251165e-02,1.416083698667764956e-01,6.888096579639196859e-02,9.444076760750341748e-02,-1.077792930515831527e-01,-5.219385072707044548e-02,-1.429989984082032095e-01,2.337554933180913119e-03,-1.794999011955672463e-02,2.015708980553463925e-01,4.508870610534798651e-02,1.161368843289023456e-01,-6.729749474099896989e-02
1.344225438133021533e-01,4.666032812854792322e-02,7.986904903147862278e-02,-8.334648431283449288e-02,1.972006757636199370e-02,5.434427581386808148e-02,3.612276159938912490e-02,1.683371460515935558e-01,1.614766357154256982e-01,1.909569195226009652e-01,6.788241710988984767e-02,1.913340102724824243e-01,1.348006872702398051e-01,-9.291437322005834110e-02,-2.942065825363229803e-02,-1.060668031708142944e-01,-2.010195064460255088e-01,-1.264782706421753167e-01,-2.010748795604908323e-01,8.913183932661411513e-02,-3.019155506313195292e-02,-7.599015754212973262e-02,1.061127532926238182e-01,1.348042448603878340e-01,1.927065985210530408e-01,5.757833244333654399e-02
-1.559779242026604340e-02,-7.895411418755055033e-02,-1.125839792009119544e-01,-1.163919993764467586e-01,-3.681848031459675208e-02,1.993910534729423367e-01,-2.023750883588674443e-01,-1.227655759199688390e-01,-1.263387054968949097e-01,8.802945117182181534e-02,-5.980895006806305481e-02,-1.732828311601589122e-02,-1.424626853454637465e-01,-3.851823113368776919e-02,-1.608796313107039577e-01,1.339715083891837577e-02,-1.630128449587205652e-01,1.177844231382162987e-01,2.700316200462804517e-02,9.080607832165399351e-02,-3.303691395949964749e-02,-4.804845769320645332e-02,-1.629031631870027363e-01,9.672075217947162518e-03,5.879792916989090568e-03,-1.293278451595619716e-02
9.751634952446985860e-02,1.348113909504943253e-01,1.016807744876184749e-01,-1.443919375883709888e-01,4.948810368661166192e-02,-1.701548186017157183e-01,7.890813257588324969e-02,-4.790744347145942106e-02,-1.490005151110165849e-01,1.467907781642014964e-01,4.622381768271077718e-02,-5.890066158362344817e-02,-1.902631112262626323e-01,1.512716196390334611e-02,1.715937273594637658e-01,3.907647328852659196e-02,1.912271658516652706e-01,-1.473981409559910749e-01,2.769378738613065272e-02,1.208725430250513488e-01,1.035529601597856564e-02,-1.657990491266243538e-01,3.360550163491957121e-02,4.530328773710423640e-02,9.272843278827080926e-02,1.059062306794049668e-01
1.097827358841702572e-01,6.626729164301309316e-02,-1.152222023159497066e-01,-3.882688757606309049e-02,1.119548062751853368e-01,1.838385366353116335e-01,-1.707127644890685803e-01,1.440807689502218714e-02,-7.601142533016197467e-02,-1.113369659681025803e-01,2.355897628992797976e-03,4.301311971828264413e-02,-1.987591362955377916e-01,1.136076327057234381e-01,1.296937876644596588e-01,1.887378385260708447e-01,-1.294805798917149087e-01,3.833562036644455606e-02,-2.974918666086154295e-02,-6.696779674475883404e-02,2.661058584581363351e-02,1.144900866715317100e-01,-1.933746370497993750e-01,1.903147208915391686e-01,1.256391422034315863e-01,1.018283671660707435e-01
1.055720922017751029e-01,-4.497949514627461176e-02,1.020176468275854065e-01,-4.590816143721485054e-02,1.616526646601048056e-01,-1.308677403063122080e-01,-8.419116430725247235e-02,2.081441791016722109e-02,-7.329951639185594559e-02,-3.071743514669716957e-02,-3.072163200667360483e-03,1.444807666266707535e-01,9.403123591628453903e-03,-5.576461279311920038e-02,-1.022784619079452895e-01,-3.702663280551582448e-02,6.380084365912142008e-03,9.978540503500726855e-02,-1.536429039183484224e-01,-1.128714463858685874e-01,-4.879336789068533520e-02,-5.660040944695579612e-02,-4.388991809303102731e-02,1.190059739235327929e-01,-7.129526564726013094e-02,7.696028694155476746e-04
5.023716812919237773e-02,-1.085861786268481066e-01,8.866838854748315679e-02,1.910092781573155540e-02,-2.157717442478773728e-02,1.255995876589106608e-01,-1.039979046631468451e-01,1.553557955091607323e-01,2.475174743478023021e-02,4.426412806745419481e-02,1.520648167156488650e-01,1.287614957474235156e-01,4.117757167832344911e-02,1.026530371448103884e-01,-2.703510771621817077e-02,1.920895136662537084e-02,-1.775553466460615959e-01,-1.662890011571732107e-01,1.335630354018378374e-01,-1.785277926144575311e-01,-1.340396208849598536e-01,1.199431112424723667e-01,-2.022565965158578949e-01,-8.822251702606338786e-02,3.407283739438371484e-02,3.869945187568385458e-02
1.123695477736667003e-01,2.402755004560469532e-03,3.811916801347126071e-03,9.135046658493134464e-02,-5.577009518002717936e-04,4.398688944852607863e-02,1.612744836467798204e-01,-3.995594265595600603e-02,-4.657517005252298503e-02,-2.012823016446487756e-01,4.598781876120705547e-02,-1.906504191230972145e-01,1.681973743997783322e-03,1.233492858127074876e-01,2.024011999191180355e-02,-9.339927227672141508e-02,1.160248193345504442e-01,-9.336649677074683462e-02,9.448097084408690893e-02,4.470345567397443487e-02,-1.337975023785765438e-01,1.642584614928213060e-01,-1.213717517314979594e-01,1.984993715868546005e-01,-1.997572312567404695e-01,-9.589387360641278557e-02
-1.216893695241203499e-01,-1.970476913377715300e-01,9.421180540184431740e-02,7.842302665535938466e-02,1.185314845354573654e-01,-9.864473182369142001e-02,-2.256888495863959565e-02,6.451137238107262917e-02,-2.442040396782280132e-02,8.000423923517252511e-02,5.431850387687275905e-02,-1.562381300077660684e-01,1.139468051122558001e-01,8.947155862075312216e-02,6.318187233184485718e-02,-1.398396853749922786e-01,-9.406408288223511160e-02,-4.331056357670759471e-02,-8.922586831515476324e-02,-1.103572563634974274e-01,1.238049549055759702e-01,5.604521745942903088e-02,2.654517991919547182e-02,-1.111103980353048831e-01,1.695059760946086569e-01,-1.252074981394056263e-01
1.195856220620581389e-01,1.892088986220790692e-01,9.207302729974176092e-02,1.998258579986659789e-01,6.124253147459507440e-02,-1.145535640241973352e-01,-1.200841433094222699e-01,-7.112908238090509538e-02,-1.998304008165990020e-01,7.366826869978321257e-02,-9.379189485296222928e-02,1.277886546629886100e-01,-5.709738235080405455e-02,-8.126487936620407915e-03,1.888100445757205370e-01,-1.045343601902029435e-01,8.970579825439001231e-02,1.034355756769890222e-01,-1.131191841621630723e-01,4.041598554106184960e-04,-6.073449496698310468e-02,1.102423272513772812e-01,4.965993413900976483e-02,-9.737488527418930451e-03,1.132657202066795210e-01,-1.073791684837310800e-01
1.028290708144933840e-01,1.481382478728724417e-01,1.535092591393057426e-01,1.150133100409378994e-01,-3.729495938548968437e-02,1.953454140979106191e-01,-4.881784527963553555e-02,5.620461826143335893e-02,-1.374149078299369553e-01,1.947943675316858303e-01,8.270454724273795799e-02,1.027300069020468665e-01,-1.760525472461613727e-01,1.068007579231197712e-01,1.113845339078675112e-01,6.964395107552728836e-02,-8.436867122846984646e-02,-4.180094328969097273e-03,-1.579464339878373091e-01,-1.151980873411861950e-02,-1.038646789513696378e-01,-6.118248404344273084e-02,-1.367961092990051530e-01,-1.094474123094621165e-01,-1.716770375451650288e-01,1.702458291254682621e-01
1.232978314069430037e-02,-4.186518578256903655e-02,1.420232904226551018e-02,5.201551792831837773e-02,1.710475619002454484e-01,-1.302715092499951155e-01,-8.289169115553803036e-02,1.929051832869619898e-01,-5.222382811295622762e-02,-1.935737630787729702e-01,-1.428602775284192883e-01,-1.920423863578382961e-01,1.986356279259726132e-01,-8.965513967422499009e-02,1.717222033273056447e-01,2.010533351796929269e-01,4.047986701887079652e-02,-1.892620189708901501e-01,-1.696405048696446594e-01,-7.464578181156061865e-03,-3.804184680941596897e-02,4.304878455269534054e-02,-2.479369244941764805e-02,1.759931712903730072e-01,1.408495453192210034e-02,7.854476454017300657e-02
1.607519512256676553e-01,-1.431731237181579630e-01,-1.095770377789054978e-01,-1.592096753506125062e-01,-1.461058820281327386e-01,5.102074095602704418e-03,-7.250151524926753965e-02,-3.114899040484037096e-02,1.956218484245569877e-01,-1.391866224217846448e-01,1.654694503688750040e-02,-1.626346524506758762e-01,-7.358929526694493739e-02,1.116017730113855189e-02,1.810834590771615016e-01,-4.410069395624890976e-02,-1.764052850754420920e-01,-4.534409397557395693e-02,-1.436315574538817308e-01,-1.094736665130421061e-01,4.787894886664334493e-02,-1.753847175658256596e-01,-1.430248588282859168e-02,4.438037109981826656e-02,-3.168192305130534958e-02,-1.949665795025484205e-01
1.968501464374479704e-01,-5.387690580476042768e-02,1.129470107881135887e-01,-7.069030937040279849e-02,-1.012926667991068119e-02,-4.522157144296401476e-02,-6.384127695116451062e-02,-1.938617381105641746e-01,-5.675345069100992679e-02,1.579157670152516180e-01,7.719353729161287925e-02,-1.437606165811395886e-01,3.695810631105767019e-02,1.590270318175358022e-01,8.110228705934807714e-02,-1.424382526198249010e-01,1.491349002201037832e-01,-8.046247691271919689e-02,-1.861947950902470561e-02,1.059938393788292799e-02,1.421102483725364962e-01,1.749919903611896199e-01,1.741995055559910632e-01,-1.994962509571605869e-01,1.710514915358676835e-01,-1.806704300248431205e-01
-9.496529705657072440e-02,6.076712196970895929e-03,-8.138977371208055978e-03,4.245379296853007967e-02,-8.333370905687031982e-03,1.761143298004277380e-01,-1.051925046781212597e-01,-9.161997650007318306e-02,1.705850097950623590e-01,-1.716077588171233403e-01,4.442060554154952934e-02,7.368346548585030797e-02,2.246849797336303300e-03,7.874984435853199516e-02,-1.326791505583710951e-01,1.429720683073185672e-01,-1.459488581332691881e-01,-4.021484330875699231e-02,-1.722085889922613522e-01,1.833048952480950677e-02,6.882215214246323320e-02,1.788899705954557495e-01,9.703704814252167576e-02,1.666486620558069176e-02,1.754012934202120455e-01,-8.742620719356969383e-03
